--
-- PostgreSQL database dump
--

-- Dumped from database version 12.2
-- Dumped by pg_dump version 12.2

-- Started on 2020-06-16 20:59:27

SET statement_timeout = 0;
SET lock_timeout = 0;
SET idle_in_transaction_session_timeout = 0;
SET client_encoding = 'UTF8';
SET standard_conforming_strings = on;
SELECT pg_catalog.set_config('search_path', '', false);
SET check_function_bodies = false;
SET xmloption = content;
SET client_min_messages = warning;
SET row_security = off;

SET default_tablespace = '';

SET default_table_access_method = heap;

--
-- TOC entry 202 (class 1259 OID 16446)
-- Name: branch; Type: TABLE; Schema: public; Owner: postgres
--

CREATE TABLE public.branch (
    branch_id bigint NOT NULL,
    branch_name character varying(255)
);


ALTER TABLE public.branch OWNER TO postgres;

--
-- TOC entry 203 (class 1259 OID 16451)
-- Name: customer; Type: TABLE; Schema: public; Owner: postgres
--

CREATE TABLE public.customer (
    customer_id bigint NOT NULL,
    customer_name character varying(255),
    customer_no character varying(255)
);


ALTER TABLE public.customer OWNER TO postgres;

--
-- TOC entry 204 (class 1259 OID 16459)
-- Name: dimdate; Type: TABLE; Schema: public; Owner: postgres
--

CREATE TABLE public.dimdate (
    date date NOT NULL,
    day character varying(255),
    month character varying(255),
    previous_month character varying(255),
    quarter character varying(255),
    month_num integer,
    quarter_num integer,
    year integer
);


ALTER TABLE public.dimdate OWNER TO postgres;

--
-- TOC entry 205 (class 1259 OID 16467)
-- Name: employee; Type: TABLE; Schema: public; Owner: postgres
--

CREATE TABLE public.employee (
    employee_id bigint NOT NULL,
    employee_name character varying(255),
    employee_no character varying(255)
);


ALTER TABLE public.employee OWNER TO postgres;

--
-- TOC entry 209 (class 1259 OID 16513)
-- Name: invoice; Type: TABLE; Schema: public; Owner: postgres
--

CREATE TABLE public.invoice (
    invoice_id bigint NOT NULL,
    branch_id bigint,
    customer_id bigint,
    date date,
    employee_id bigint,
    invoice_date date,
    invoice_no character varying(255),
    location_id bigint,
    amount double precision,
    net_amount double precision
);


ALTER TABLE public.invoice OWNER TO postgres;

--
-- TOC entry 210 (class 1259 OID 16518)
-- Name: invoiceproduct; Type: TABLE; Schema: public; Owner: postgres
--

CREATE TABLE public.invoiceproduct (
    product_id bigint NOT NULL,
    invoice_id bigint NOT NULL,
    amount double precision NOT NULL,
    quantity integer NOT NULL
);


ALTER TABLE public.invoiceproduct OWNER TO postgres;

--
-- TOC entry 206 (class 1259 OID 16475)
-- Name: location; Type: TABLE; Schema: public; Owner: postgres
--

CREATE TABLE public.location (
    location_id bigint NOT NULL,
    city character varying(255)
);


ALTER TABLE public.location OWNER TO postgres;

--
-- TOC entry 207 (class 1259 OID 16480)
-- Name: product; Type: TABLE; Schema: public; Owner: postgres
--

CREATE TABLE public.product (
    product_id bigint NOT NULL,
    product_name character varying(255),
    product_no character varying(255)
);


ALTER TABLE public.product OWNER TO postgres;

--
-- TOC entry 208 (class 1259 OID 16488)
-- Name: salechannel; Type: TABLE; Schema: public; Owner: postgres
--

CREATE TABLE public.salechannel (
    channel_id bigint NOT NULL,
    channel_name character varying(255)
);


ALTER TABLE public.salechannel OWNER TO postgres;

--
-- TOC entry 211 (class 1259 OID 16523)
-- Name: saleorder; Type: TABLE; Schema: public; Owner: postgres
--

CREATE TABLE public.saleorder (
    sale_order_id bigint NOT NULL,
    branch_id bigint,
    channel_id bigint,
    customer_id bigint,
    date date,
    employee_id bigint,
    location_id bigint,
    total_sales double precision
);


ALTER TABLE public.saleorder OWNER TO postgres;

--
-- TOC entry 212 (class 1259 OID 16528)
-- Name: saleproduct; Type: TABLE; Schema: public; Owner: postgres
--

CREATE TABLE public.saleproduct (
    sale_order_id bigint NOT NULL,
    product_id bigint NOT NULL,
    amount double precision NOT NULL,
    quantity integer NOT NULL
);


ALTER TABLE public.saleproduct OWNER TO postgres;

--
-- TOC entry 2877 (class 0 OID 16446)
-- Dependencies: 202
-- Data for Name: branch; Type: TABLE DATA; Schema: public; Owner: postgres
--

COPY public.branch (branch_id, branch_name) FROM stdin;
1	Vincom HCM
2	Vincom HN
3	Vincom BD
4	Vincom HP
5	Gigamal
\.


--
-- TOC entry 2878 (class 0 OID 16451)
-- Dependencies: 203
-- Data for Name: customer; Type: TABLE DATA; Schema: public; Owner: postgres
--

COPY public.customer (customer_id, customer_name, customer_no) FROM stdin;
1	Chi A.Thu	No1
2	Anh Nam	No2
3	Anh Cuong	No3
4	Chi Hồng	No4
5	Chi Lệ	No5
\.


--
-- TOC entry 2879 (class 0 OID 16459)
-- Dependencies: 204
-- Data for Name: dimdate; Type: TABLE DATA; Schema: public; Owner: postgres
--

COPY public.dimdate (date, day, month, previous_month, quarter, month_num, quarter_num, year) FROM stdin;
2020-04-01	1, Apr,2020	Apr,2020	Mar	Q2, 2020	4	2	2020
2020-04-02	2, Apr,2020	Apr,2020	Mar	Q2, 2020	4	2	2020
2020-04-03	3, Apr,2020	Apr,2020	Mar	Q2, 2020	4	2	2020
2020-04-04	4, Apr,2020	Apr,2020	Mar	Q2, 2020	4	2	2020
2020-04-05	5, Apr,2020	Apr,2020	Mar	Q2, 2020	4	2	2020
2020-04-06	6, Apr,2020	Apr,2020	Mar	Q2, 2020	4	2	2020
2020-04-07	7, Apr,2020	Apr,2020	Mar	Q2, 2020	4	2	2020
2020-04-08	8, Apr,2020	Apr,2020	Mar	Q2, 2020	4	2	2020
2020-04-09	9, Apr,2020	Apr,2020	Mar	Q2, 2020	4	2	2020
\.


--
-- TOC entry 2880 (class 0 OID 16467)
-- Dependencies: 205
-- Data for Name: employee; Type: TABLE DATA; Schema: public; Owner: postgres
--

COPY public.employee (employee_id, employee_name, employee_no) FROM stdin;
1	Nguyen Hồng Anh	No1
2	Nguyễn Anh	No2
3	Pham Nhat Nam	No3
4	Nguyen Ba	No4
5	Nguyen Hoang	No5
\.


--
-- TOC entry 2884 (class 0 OID 16513)
-- Dependencies: 209
-- Data for Name: invoice; Type: TABLE DATA; Schema: public; Owner: postgres
--

COPY public.invoice (invoice_id, branch_id, customer_id, date, employee_id, invoice_date, invoice_no, location_id, amount, net_amount) FROM stdin;
700265497416044544	5	2	2020-04-01	1	2020-04-01	NO700265497416044544	2	84018.019873	63204.796417
700265497416044545	4	3	2020-04-01	1	2020-04-01	NO700265497416044545	1	63224.709491	91038.305419
700265497416044546	3	4	2020-04-01	2	2020-04-01	NO700265497416044546	2	20634.112823	35624.266346
700265497416044547	3	5	2020-04-01	1	2020-04-01	NO700265497416044547	3	57384.356015	97638.778641
700265497416044548	3	1	2020-04-01	1	2020-04-01	NO700265497416044548	3	2748.673774	53942.438265
700265497416044549	1	4	2020-04-01	4	2020-04-01	NO700265497416044549	1	46491.640769	51754.653243
700265497420238848	1	5	2020-04-01	4	2020-04-01	NO700265497420238848	2	13449.23201	47535.927347
700265497420238849	2	1	2020-04-01	2	2020-04-01	NO700265497420238849	5	82773.115887	19252.862623
700265497420238850	3	4	2020-04-01	4	2020-04-01	NO700265497420238850	3	35081.87212	96521.811909
700265497420238851	2	2	2020-04-01	3	2020-04-01	NO700265497420238851	4	55810.619919	96777.670654
700265497420238852	2	3	2020-04-01	3	2020-04-01	NO700265497420238852	1	98032.891846	83279.046973
700265497420238853	4	1	2020-04-01	4	2020-04-01	NO700265497420238853	5	38169.715462	47762.982099
700265497420238854	1	1	2020-04-01	1	2020-04-01	NO700265497420238854	3	30162.934555	97040.503976
700265497420238855	2	3	2020-04-01	5	2020-04-01	NO700265497420238855	1	69722.378314	11140.592295
700265497420238856	5	2	2020-04-01	1	2020-04-01	NO700265497420238856	5	17027.652001	33241.936629
700265497420238857	2	2	2020-04-02	1	2020-04-02	NO700265497420238857	3	37771.027202	7915.18607
700265497420238858	1	5	2020-04-02	2	2020-04-02	NO700265497420238858	1	53032.251354	49924.901539
700265497420238859	1	3	2020-04-02	4	2020-04-02	NO700265497420238859	2	57883.508666	59418.730859
700265497420238860	1	1	2020-04-02	1	2020-04-02	NO700265497420238860	1	50738.135224	84481.877832
700265497420238861	4	2	2020-04-02	4	2020-04-02	NO700265497420238861	3	30315.51462	88536.12218
700265497420238862	2	3	2020-04-02	2	2020-04-02	NO700265497420238862	3	30976.032868	14566.10598
700265497420238863	1	3	2020-04-02	3	2020-04-02	NO700265497420238863	1	42281.814796	20655.16008
700265497420238864	5	4	2020-04-02	3	2020-04-02	NO700265497420238864	5	9114.841358	40420.413261
700265497420238865	1	1	2020-04-02	5	2020-04-02	NO700265497420238865	2	64558.466677	18910.986083
700265497420238866	2	1	2020-04-02	4	2020-04-02	NO700265497420238866	3	62358.086068	47326.880459
700265497420238867	5	1	2020-04-02	5	2020-04-02	NO700265497420238867	2	72315.121819	69251.260495
700265497420238868	3	4	2020-04-02	1	2020-04-02	NO700265497420238868	3	3012.331356	71774.012683
700265497420238869	4	5	2020-04-02	1	2020-04-02	NO700265497420238869	3	80278.19424	73763.986702
700265497420238870	2	2	2020-04-02	1	2020-04-02	NO700265497420238870	4	66691.371292	88325.745797
700265497420238871	5	1	2020-04-02	1	2020-04-02	NO700265497420238871	1	10395.882685	10051.162999
700265497420238872	4	1	2020-04-02	3	2020-04-02	NO700265497420238872	4	97694.095911	30071.136767
700265497420238873	3	2	2020-04-03	3	2020-04-03	NO700265497420238873	2	22743.625978	87108.662584
700265497420238874	1	5	2020-04-03	2	2020-04-03	NO700265497420238874	5	59338.530515	54979.268738
700265497420238875	1	4	2020-04-03	1	2020-04-03	NO700265497420238875	2	75625.073455	92999.690663
700265497420238876	5	2	2020-04-03	3	2020-04-03	NO700265497420238876	5	39062.802423	91247.473959
700265497420238877	2	1	2020-04-03	5	2020-04-03	NO700265497420238877	3	15405.295329	91536.245551
700265497420238878	3	4	2020-04-03	5	2020-04-03	NO700265497420238878	3	17076.161499	46153.117983
700265497420238879	2	4	2020-04-03	1	2020-04-03	NO700265497420238879	2	78148.724782	10726.371399
700265497420238880	5	5	2020-04-03	5	2020-04-03	NO700265497420238880	5	97800.62664	60168.041351
700265497420238881	4	5	2020-04-03	3	2020-04-03	NO700265497420238881	1	96390.046972	24856.424161
700265497420238882	3	3	2020-04-03	1	2020-04-03	NO700265497420238882	3	39537.449021	9349.723533
700265497420238883	1	1	2020-04-03	2	2020-04-03	NO700265497420238883	2	98634.368544	54874.972093
700265497424433152	3	4	2020-04-03	1	2020-04-03	NO700265497424433152	5	14379.686556	35802.408422
700265497424433153	5	5	2020-04-03	5	2020-04-03	NO700265497424433153	1	81847.477405	68818.718466
700265497424433154	5	3	2020-04-03	1	2020-04-03	NO700265497424433154	3	42268.046723	92918.382706
700265497424433155	5	2	2020-04-03	2	2020-04-03	NO700265497424433155	5	10671.497364	7490.369211
700265497424433156	2	5	2020-04-03	4	2020-04-03	NO700265497424433156	2	29438.491787	22232.0172
700265497424433157	1	2	2020-04-04	4	2020-04-04	NO700265497424433157	3	78589.595563	74781.05495
700265497424433158	2	2	2020-04-04	5	2020-04-04	NO700265497424433158	3	77757.344502	64572.721996
700265497424433159	1	4	2020-04-04	4	2020-04-04	NO700265497424433159	1	10626.241615	39995.037181
700265497424433160	3	4	2020-04-04	5	2020-04-04	NO700265497424433160	5	9899.490641	29529.60391
700265497424433161	3	2	2020-04-04	4	2020-04-04	NO700265497424433161	1	64780.313917	62257.869182
700265497424433162	2	1	2020-04-04	4	2020-04-04	NO700265497424433162	3	35664.061978	28777.670051
700265497424433163	2	3	2020-04-04	4	2020-04-04	NO700265497424433163	5	52809.393081	37953.39847
700265497424433164	2	3	2020-04-04	3	2020-04-04	NO700265497424433164	2	39453.041289	31762.970302
700265497424433165	3	1	2020-04-04	5	2020-04-04	NO700265497424433165	5	66381.068189	67711.032221
700265497424433166	2	2	2020-04-04	2	2020-04-04	NO700265497424433166	4	7302.400198	78989.758356
700265497424433167	4	1	2020-04-05	5	2020-04-05	NO700265497424433167	2	87669.951859	84409.255745
700265497424433168	5	3	2020-04-05	1	2020-04-05	NO700265497424433168	4	62872.67649	41412.795989
700265497424433169	3	4	2020-04-05	3	2020-04-05	NO700265497424433169	1	24118.311865	14695.584346
700265497424433170	4	1	2020-04-05	4	2020-04-05	NO700265497424433170	5	9031.010311	98178.208523
700265497424433171	3	3	2020-04-05	4	2020-04-05	NO700265497424433171	4	59301.861613	69872.872561
700265497424433172	4	3	2020-04-05	1	2020-04-05	NO700265497424433172	1	74775.384189	16023.053239
700265497424433173	2	2	2020-04-05	2	2020-04-05	NO700265497424433173	2	21492.674079	31753.585973
700265497424433174	3	1	2020-04-05	3	2020-04-05	NO700265497424433174	3	53327.465537	87742.909608
700265497424433175	4	4	2020-04-05	3	2020-04-05	NO700265497424433175	1	47476.963905	83506.949741
700265497424433176	4	2	2020-04-06	5	2020-04-06	NO700265497424433176	2	1407.045782	48342.022989
700265497424433177	3	5	2020-04-06	4	2020-04-06	NO700265497424433177	5	74491.057158	54315.307507
700265497424433178	4	1	2020-04-06	2	2020-04-06	NO700265497424433178	3	87992.417307	27103.788224
700265497424433179	1	1	2020-04-06	3	2020-04-06	NO700265497424433179	2	59699.417283	63814.072091
700265497424433180	3	1	2020-04-06	2	2020-04-06	NO700265497424433180	1	58753.005771	85365.510597
700265497424433181	4	1	2020-04-06	1	2020-04-06	NO700265497424433181	1	16314.430293	43925.142244
700265497424433182	2	1	2020-04-07	1	2020-04-07	NO700265497424433182	3	18429.051251	60420.792391
700265497424433183	5	2	2020-04-07	5	2020-04-07	NO700265497424433183	3	21423.45385	78615.781415
700265497424433184	2	2	2020-04-07	3	2020-04-07	NO700265497424433184	1	26251.294987	46169.049954
700265497424433185	3	5	2020-04-07	4	2020-04-07	NO700265497424433185	3	91106.004479	73922.681268
700265497424433186	1	3	2020-04-07	4	2020-04-07	NO700265497424433186	4	90089.741883	11832.260853
700265497424433187	2	3	2020-04-07	1	2020-04-07	NO700265497424433187	2	77583.132523	97629.482265
700265497424433188	5	3	2020-04-07	4	2020-04-07	NO700265497424433188	1	23298.484145	71936.500201
700265497424433189	1	2	2020-04-07	3	2020-04-07	NO700265497424433189	2	85198.122697	27214.278039
700265497428627456	4	3	2020-04-07	1	2020-04-07	NO700265497428627456	1	49473.416021	43592.313132
700265497428627457	3	2	2020-04-07	3	2020-04-07	NO700265497428627457	4	94725.119427	35097.33169
700265497428627458	4	2	2020-04-07	1	2020-04-07	NO700265497428627458	3	83167.148424	40086.049146
700265497428627459	5	2	2020-04-07	3	2020-04-07	NO700265497428627459	2	50288.790925	64240.387993
700265497428627460	2	1	2020-04-07	5	2020-04-07	NO700265497428627460	3	16631.29687	13458.68249
700265497428627461	5	5	2020-04-07	2	2020-04-07	NO700265497428627461	4	87438.539968	78864.118289
700265497428627462	1	1	2020-04-07	1	2020-04-07	NO700265497428627462	5	6363.298262	54482.966433
700265497428627463	3	1	2020-04-07	3	2020-04-07	NO700265497428627463	3	3114.724638	63151.458498
700265497428627464	3	3	2020-04-07	3	2020-04-07	NO700265497428627464	1	81321.284003	74458.505964
700265497428627465	1	5	2020-04-07	4	2020-04-07	NO700265497428627465	5	10720.981327	95296.502561
700265497428627466	4	2	2020-04-08	4	2020-04-08	NO700265497428627466	5	65911.049693	60962.155698
700265497428627467	1	1	2020-04-08	3	2020-04-08	NO700265497428627467	5	24649.204643	14082.033935
700265497428627468	3	5	2020-04-08	4	2020-04-08	NO700265497428627468	2	68334.405572	57995.785141
700265497428627469	4	3	2020-04-08	2	2020-04-08	NO700265497428627469	4	11257.864192	58950.444487
700265497428627470	2	3	2020-04-08	2	2020-04-08	NO700265497428627470	4	61752.68772	79087.576293
700265497428627471	2	1	2020-04-08	5	2020-04-08	NO700265497428627471	5	16914.929471	76060.008846
700265497428627472	4	1	2020-04-08	5	2020-04-08	NO700265497428627472	3	56364.968522	64769.36918
700265497428627473	1	4	2020-04-08	1	2020-04-08	NO700265497428627473	5	61857.08893	89319.40713
700265497428627474	1	5	2020-04-08	2	2020-04-08	NO700265497428627474	2	4437.841373	63132.980553
700265497428627475	3	4	2020-04-08	3	2020-04-08	NO700265497428627475	2	18070.350598	12239.042219
700265497428627476	4	5	2020-04-08	1	2020-04-08	NO700265497428627476	3	97787.780849	5192.747616
700265497428627477	1	4	2020-04-08	2	2020-04-08	NO700265497428627477	1	32259.482536	11346.889472
700265497428627478	3	4	2020-04-08	3	2020-04-08	NO700265497428627478	1	39252.946957	2990.942294
700265497428627479	1	4	2020-04-08	3	2020-04-08	NO700265497428627479	2	93398.50433	72763.831082
700265497428627480	4	5	2020-04-08	3	2020-04-08	NO700265497428627480	2	93788.221465	35905.743941
700265497428627481	3	2	2020-04-08	5	2020-04-08	NO700265497428627481	1	50318.488613	59813.311595
700265497428627482	2	2	2020-04-08	4	2020-04-08	NO700265497428627482	4	5748.739439	5083.323652
700265497428627483	2	5	2020-04-08	2	2020-04-08	NO700265497428627483	5	67464.156954	99721.781371
700275201353584640	2	4	2020-04-01	2	2020-04-01	NO700275201353584640	4	41196.890798	14202.797054
700275201353584641	4	1	2020-04-01	3	2020-04-01	NO700275201353584641	1	28554.584422	37439.157246
700275201353584642	3	5	2020-04-02	4	2020-04-02	NO700275201353584642	3	70218.541039	71973.007008
700275201353584643	3	4	2020-04-02	1	2020-04-02	NO700275201353584643	5	62185.696611	67601.513419
700275201353584644	3	2	2020-04-02	5	2020-04-02	NO700275201353584644	4	44335.399971	2698.72169
700275201353584645	1	1	2020-04-02	3	2020-04-02	NO700275201353584645	4	65613.145543	81175.55784
700275201353584646	4	5	2020-04-02	5	2020-04-02	NO700275201353584646	2	77457.258251	38969.941181
700275201353584647	5	3	2020-04-02	4	2020-04-02	NO700275201353584647	1	39883.117726	31295.864537
700275201353584648	2	3	2020-04-02	4	2020-04-02	NO700275201353584648	4	96691.18793	37509.763477
700275201353584649	3	2	2020-04-02	4	2020-04-02	NO700275201353584649	2	15676.461823	36856.202928
700275201353584650	2	4	2020-04-02	2	2020-04-02	NO700275201353584650	1	58121.790873	61622.635695
700275201353584651	3	5	2020-04-02	5	2020-04-02	NO700275201353584651	2	96961.868239	1827.759206
700275201353584652	2	5	2020-04-02	5	2020-04-02	NO700275201353584652	1	66349.038687	33319.350646
700275201353584653	1	4	2020-04-02	5	2020-04-02	NO700275201353584653	3	57417.806437	20052.903251
700275201353584654	2	2	2020-04-02	5	2020-04-02	NO700275201353584654	2	85791.746147	21909.16947
700275201353584655	4	4	2020-04-02	3	2020-04-02	NO700275201353584655	3	29367.000068	44825.512533
700275201353584656	4	2	2020-04-02	4	2020-04-02	NO700275201353584656	3	68340.463764	89613.209038
700275201353584657	3	1	2020-04-02	5	2020-04-02	NO700275201353584657	4	19707.701736	4669.163288
700275201353584658	5	3	2020-04-02	4	2020-04-02	NO700275201353584658	4	13338.711107	99831.131656
700275201353584659	4	5	2020-04-03	5	2020-04-03	NO700275201353584659	5	6457.179883	96068.070377
700275201353584660	3	4	2020-04-03	1	2020-04-03	NO700275201353584660	1	54699.351827	37066.622452
700275201357778944	5	1	2020-04-03	5	2020-04-03	NO700275201357778944	3	15322.759946	52374.556915
700275201357778945	2	2	2020-04-03	4	2020-04-03	NO700275201357778945	5	30640.379481	84880.451256
700275201357778946	4	5	2020-04-03	5	2020-04-03	NO700275201357778946	5	2336.623748	20806.251696
700275201357778947	5	3	2020-04-03	2	2020-04-03	NO700275201357778947	1	49732.508753	45634.214589
700275201357778948	2	5	2020-04-03	1	2020-04-03	NO700275201357778948	3	81964.793623	60014.954321
700275201357778949	4	4	2020-04-03	5	2020-04-03	NO700275201357778949	1	32304.855008	94672.941056
700275201357778950	2	4	2020-04-03	4	2020-04-03	NO700275201357778950	5	11472.519424	39230.221513
700275201357778951	4	5	2020-04-03	4	2020-04-03	NO700275201357778951	4	28652.018212	80921.929535
700275201357778952	1	1	2020-04-03	4	2020-04-03	NO700275201357778952	2	7665.466672	55435.475176
700275201357778953	3	5	2020-04-03	1	2020-04-03	NO700275201357778953	4	9023.6481	84795.215655
700275201357778954	3	3	2020-04-03	4	2020-04-03	NO700275201357778954	4	35511.844301	29401.156165
700275201357778955	3	4	2020-04-03	5	2020-04-03	NO700275201357778955	5	84349.498286	87350.670884
700275201357778956	1	2	2020-04-03	5	2020-04-03	NO700275201357778956	3	10801.346275	31040.36649
700275201357778957	5	4	2020-04-04	2	2020-04-04	NO700275201357778957	5	75784.498697	42060.395137
700275201357778958	2	5	2020-04-04	1	2020-04-04	NO700275201357778958	1	77189.68365	29771.578516
700275201357778959	4	4	2020-04-04	3	2020-04-04	NO700275201357778959	3	94502.550343	71485.312012
700275201357778960	4	4	2020-04-04	5	2020-04-04	NO700275201357778960	1	59084.219707	32342.994808
700275201357778961	1	1	2020-04-04	1	2020-04-04	NO700275201357778961	2	40913.554283	96843.534262
700275201357778962	5	1	2020-04-04	4	2020-04-04	NO700275201357778962	1	49710.081833	10673.095531
700275201357778963	3	5	2020-04-04	1	2020-04-04	NO700275201357778963	1	7577.950399	30061.30393
700275201357778964	3	2	2020-04-04	1	2020-04-04	NO700275201357778964	1	39925.653242	28059.256495
700275201357778965	5	1	2020-04-04	2	2020-04-04	NO700275201357778965	4	50684.004272	39478.336701
700275201357778966	1	1	2020-04-04	3	2020-04-04	NO700275201357778966	5	25993.625084	1277.285564
700275201357778967	4	4	2020-04-04	1	2020-04-04	NO700275201357778967	2	61249.313151	50599.422395
700275201357778968	3	3	2020-04-04	2	2020-04-04	NO700275201357778968	5	81611.746377	44555.534886
700275201357778969	2	1	2020-04-04	5	2020-04-04	NO700275201357778969	1	48201.133746	72997.014802
700275201357778970	2	4	2020-04-04	5	2020-04-04	NO700275201357778970	1	41766.471454	32395.59564
700275201357778971	4	2	2020-04-04	3	2020-04-04	NO700275201357778971	5	50431.663516	46024.557785
700275201357778972	4	5	2020-04-04	5	2020-04-04	NO700275201357778972	2	92337.36117	97173.763272
700275201357778973	3	3	2020-04-05	1	2020-04-05	NO700275201357778973	3	20391.838238	62674.424983
700275201357778974	5	5	2020-04-05	2	2020-04-05	NO700275201357778974	3	86051.757481	60089.054407
700275201357778975	5	2	2020-04-05	1	2020-04-05	NO700275201357778975	3	82211.056301	33570.173301
700275201357778976	2	1	2020-04-05	2	2020-04-05	NO700275201357778976	3	84549.95838	15468.686122
700275201357778977	5	3	2020-04-05	5	2020-04-05	NO700275201357778977	4	88348.514554	44264.646994
700275201357778978	5	3	2020-04-05	1	2020-04-05	NO700275201357778978	4	43574.131799	86486.025655
700275201357778979	2	4	2020-04-05	5	2020-04-05	NO700275201357778979	3	6903.645371	13357.759752
700275201357778980	4	3	2020-04-05	2	2020-04-05	NO700275201357778980	3	58244.838142	34224.071298
700275201357778981	2	1	2020-04-05	5	2020-04-05	NO700275201357778981	4	65922.57143	60493.070174
700275201361973248	2	2	2020-04-05	1	2020-04-05	NO700275201361973248	4	93300.436434	10317.975797
700275201361973249	2	5	2020-04-05	3	2020-04-05	NO700275201361973249	1	40308.892863	68934.194806
700275201361973250	3	4	2020-04-05	2	2020-04-05	NO700275201361973250	1	85332.32022	54433.07636
700275201361973251	5	1	2020-04-05	2	2020-04-05	NO700275201361973251	5	17467.115212	91763.112047
700275201361973252	1	4	2020-04-05	3	2020-04-05	NO700275201361973252	4	12609.224904	45469.513061
700275201361973253	2	1	2020-04-06	5	2020-04-06	NO700275201361973253	4	51051.216602	38387.988425
700275201361973254	4	5	2020-04-06	2	2020-04-06	NO700275201361973254	4	90926.262663	28755.660404
700275201361973255	2	1	2020-04-06	1	2020-04-06	NO700275201361973255	3	34059.77694	19107.136275
700275201361973256	5	1	2020-04-06	2	2020-04-06	NO700275201361973256	4	32176.228092	73537.513276
700275201361973257	1	1	2020-04-06	5	2020-04-06	NO700275201361973257	1	73206.549716	96623.127878
700275201361973258	1	2	2020-04-06	1	2020-04-06	NO700275201361973258	3	43305.774746	7083.120481
700275201361973259	5	5	2020-04-06	1	2020-04-06	NO700275201361973259	4	47145.205239	38491.888008
700275201361973260	2	3	2020-04-07	4	2020-04-07	NO700275201361973260	4	87822.363218	87788.235672
700275201361973261	4	3	2020-04-07	4	2020-04-07	NO700275201361973261	5	70786.539926	75156.798286
700275201361973262	4	5	2020-04-07	1	2020-04-07	NO700275201361973262	4	44328.274726	44674.804953
700275201361973263	4	5	2020-04-07	1	2020-04-07	NO700275201361973263	4	82014.496768	58285.177935
700275201361973264	1	2	2020-04-07	5	2020-04-07	NO700275201361973264	4	74233.551773	84464.54965
700275201361973265	3	3	2020-04-07	3	2020-04-07	NO700275201361973265	4	31600.623995	97148.756732
700275201361973266	5	2	2020-04-07	2	2020-04-07	NO700275201361973266	2	66882.680696	43695.869824
700275201361973267	3	2	2020-04-07	4	2020-04-07	NO700275201361973267	2	12907.901294	49890.134064
700275201361973268	4	3	2020-04-07	5	2020-04-07	NO700275201361973268	2	78974.057515	31070.681222
700275201361973269	1	1	2020-04-07	4	2020-04-07	NO700275201361973269	4	50500.612744	19163.162489
700275201361973270	2	4	2020-04-07	2	2020-04-07	NO700275201361973270	5	29414.435507	10238.168815
700275201361973271	4	5	2020-04-08	4	2020-04-08	NO700275201361973271	5	91257.377917	51816.132671
700275201361973272	4	1	2020-04-08	5	2020-04-08	NO700275201361973272	3	37384.788875	92233.806182
700275201361973273	1	5	2020-04-08	2	2020-04-08	NO700275201361973273	1	10934.637867	26295.24777
700275201361973274	3	5	2020-04-08	2	2020-04-08	NO700275201361973274	2	8255.56899	92619.384182
700275201361973275	1	1	2020-04-08	2	2020-04-08	NO700275201361973275	5	51655.297016	53360.27852
700275803391397888	5	3	2020-04-01	1	2020-04-01	NO700275803391397888	4	28290.297658	87823.39416
700275803395592192	1	3	2020-04-01	1	2020-04-01	NO700275803395592192	3	3298.109977	69485.140323
700275803395592193	1	4	2020-04-01	5	2020-04-01	NO700275803395592193	2	92546.425001	77534.542231
700275803395592194	2	4	2020-04-01	5	2020-04-01	NO700275803395592194	3	41314.474051	24281.019915
700275803395592195	2	5	2020-04-01	5	2020-04-01	NO700275803395592195	5	31989.578029	34119.950397
700275803395592196	1	4	2020-04-01	1	2020-04-01	NO700275803395592196	2	22624.667121	26490.378744
700275803395592197	1	1	2020-04-01	1	2020-04-01	NO700275803395592197	1	14552.600968	46804.078917
700275803395592198	2	5	2020-04-01	2	2020-04-01	NO700275803395592198	2	67394.125713	14331.876078
700275803395592199	4	5	2020-04-01	5	2020-04-01	NO700275803395592199	3	11153.496888	61016.763123
700275803395592200	5	1	2020-04-01	1	2020-04-01	NO700275803395592200	2	76765.396589	59637.107739
700275803399786496	1	3	2020-04-02	2	2020-04-02	NO700275803399786496	1	23341.799462	39588.613946
700275803399786497	5	1	2020-04-02	1	2020-04-02	NO700275803399786497	2	84148.081082	51593.913627
700275803399786498	4	2	2020-04-02	3	2020-04-02	NO700275803399786498	3	17174.827201	51570.224602
700275803399786499	1	2	2020-04-02	5	2020-04-02	NO700275803399786499	5	29901.503559	86092.691891
700275803399786500	5	5	2020-04-02	2	2020-04-02	NO700275803399786500	5	82380.777036	3910.516642
700275803399786501	1	1	2020-04-03	4	2020-04-03	NO700275803399786501	1	63862.844071	36768.597458
700275803399786502	4	2	2020-04-03	2	2020-04-03	NO700275803399786502	3	82947.748706	6480.848153
700275803399786503	4	2	2020-04-03	5	2020-04-03	NO700275803399786503	5	3933.72371	41210.09677
700275803399786504	3	5	2020-04-03	1	2020-04-03	NO700275803399786504	3	12522.921896	34900.629877
700275803399786505	2	4	2020-04-03	2	2020-04-03	NO700275803399786505	4	28151.008733	99513.918332
700275803399786506	1	4	2020-04-03	5	2020-04-03	NO700275803399786506	5	82344.32412	70360.482158
700275803399786507	2	5	2020-04-03	1	2020-04-03	NO700275803399786507	4	25106.696304	74565.068609
700275803399786508	3	1	2020-04-03	1	2020-04-03	NO700275803399786508	4	18074.783991	70026.34429
700275803399786509	1	4	2020-04-03	2	2020-04-03	NO700275803399786509	4	68659.886965	62394.604841
700275803399786510	3	3	2020-04-03	5	2020-04-03	NO700275803399786510	1	38057.540885	69426.892674
700275803399786511	3	1	2020-04-03	1	2020-04-03	NO700275803399786511	1	86299.014545	91183.451907
700275803399786512	2	4	2020-04-03	4	2020-04-03	NO700275803399786512	3	39954.335233	74414.228139
700275803399786513	4	4	2020-04-04	4	2020-04-04	NO700275803399786513	2	11098.971081	17142.345961
700275803399786514	1	1	2020-04-04	1	2020-04-04	NO700275803399786514	2	13175.302102	7662.897172
700275803399786515	4	2	2020-04-04	3	2020-04-04	NO700275803399786515	3	24383.534389	93966.112601
700275803399786516	2	4	2020-04-04	2	2020-04-04	NO700275803399786516	2	74613.87726	65428.749377
700275803399786517	2	3	2020-04-04	4	2020-04-04	NO700275803399786517	2	22462.059803	23362.749953
700275803399786518	1	4	2020-04-04	3	2020-04-04	NO700275803399786518	3	46545.160245	26664.518255
700275803403980800	5	4	2020-04-04	4	2020-04-04	NO700275803403980800	2	84221.35175	90195.747552
700275803403980801	5	2	2020-04-04	4	2020-04-04	NO700275803403980801	4	19661.311811	70274.818166
700275803403980802	5	3	2020-04-04	3	2020-04-04	NO700275803403980802	5	87202.852229	44427.22933
700275803403980803	3	5	2020-04-04	3	2020-04-04	NO700275803403980803	4	41054.234796	83367.549434
700275803403980804	3	2	2020-04-04	3	2020-04-04	NO700275803403980804	5	45594.14818	5377.755885
700275803403980805	5	5	2020-04-04	1	2020-04-04	NO700275803403980805	3	4273.554816	70733.284598
700275803403980806	2	3	2020-04-05	4	2020-04-05	NO700275803403980806	3	69270.595519	6474.804859
700275803403980807	4	4	2020-04-05	1	2020-04-05	NO700275803403980807	3	89803.762723	77221.216046
700275803403980808	5	2	2020-04-05	3	2020-04-05	NO700275803403980808	1	19994.913236	86385.987914
700275803403980809	4	3	2020-04-05	1	2020-04-05	NO700275803403980809	5	10327.877924	56339.397583
700275803403980810	5	3	2020-04-06	2	2020-04-06	NO700275803403980810	2	94429.746392	56564.927507
700275803403980811	4	2	2020-04-06	5	2020-04-06	NO700275803403980811	3	47877.964364	18064.81798
700275803403980812	2	1	2020-04-06	3	2020-04-06	NO700275803403980812	1	64288.733414	42685.700285
700275803403980813	1	5	2020-04-06	1	2020-04-06	NO700275803403980813	2	28348.893742	88022.266061
700275803403980814	2	3	2020-04-06	2	2020-04-06	NO700275803403980814	2	7695.727934	10071.509469
700275803403980815	4	1	2020-04-07	1	2020-04-07	NO700275803403980815	4	81825.989618	15379.785131
700275803403980816	5	2	2020-04-07	1	2020-04-07	NO700275803403980816	5	79127.880851	80545.764601
700275803403980817	3	2	2020-04-08	2	2020-04-08	NO700275803403980817	1	37751.988048	27449.82296
700275803403980818	5	2	2020-04-08	4	2020-04-08	NO700275803403980818	1	60669.465306	29457.047718
700275803403980819	5	2	2020-04-08	4	2020-04-08	NO700275803403980819	1	7770.507678	89493.163362
700275803403980820	2	4	2020-04-08	5	2020-04-08	NO700275803403980820	3	15757.11679	72881.186002
700275803403980821	2	1	2020-04-08	3	2020-04-08	NO700275803403980821	4	20815.045308	47222.957441
700275803403980822	2	5	2020-04-08	1	2020-04-08	NO700275803403980822	2	94447.866981	82722.278966
700275803403980823	5	3	2020-04-08	3	2020-04-08	NO700275803403980823	5	6411.113317	64293.167805
700275803403980824	4	3	2020-04-08	2	2020-04-08	NO700275803403980824	1	31559.755306	87930.231218
700275803403980825	5	2	2020-04-08	4	2020-04-08	NO700275803403980825	3	11762.065621	39452.066191
700275803403980826	2	3	2020-04-08	4	2020-04-08	NO700275803403980826	3	92687.395454	57446.98532
700275803403980827	5	2	2020-04-08	5	2020-04-08	NO700275803403980827	1	19435.111799	61806.086853
700275803403980828	1	5	2020-04-08	5	2020-04-08	NO700275803403980828	3	63046.368613	5891.387092
700276291537080320	1	2	2020-04-01	1	2020-04-01	NO700276291537080320	3	21507.23669	29916.079769
700276291537080321	4	1	2020-04-01	5	2020-04-01	NO700276291537080321	5	2602.150037	32261.600431
700276291537080322	2	3	2020-04-01	2	2020-04-01	NO700276291537080322	2	31509.431747	95002.601346
700276291537080323	4	2	2020-04-01	1	2020-04-01	NO700276291537080323	3	71445.653212	22690.489854
700276291537080324	4	4	2020-04-01	4	2020-04-01	NO700276291537080324	3	80601.129749	95808.743489
700276291537080325	1	5	2020-04-01	1	2020-04-01	NO700276291537080325	1	88049.610222	5252.807879
700276291537080326	1	4	2020-04-01	1	2020-04-01	NO700276291537080326	4	29535.456103	83963.016068
700276291537080327	3	3	2020-04-01	5	2020-04-01	NO700276291537080327	4	45887.184677	60342.993614
700276291537080328	3	2	2020-04-01	2	2020-04-01	NO700276291537080328	2	36421.605886	48029.572247
700276291537080329	5	2	2020-04-01	3	2020-04-01	NO700276291537080329	1	59204.785987	34200.169636
700276291537080330	3	4	2020-04-01	3	2020-04-01	NO700276291537080330	3	77684.759984	42353.831176
700276291537080331	3	2	2020-04-01	3	2020-04-01	NO700276291537080331	5	19325.196776	55077.362116
700276291537080332	5	3	2020-04-01	3	2020-04-01	NO700276291537080332	2	72272.264644	90849.743007
700276291541274624	5	5	2020-04-01	4	2020-04-01	NO700276291541274624	3	4246.135658	71811.374478
700276291541274625	1	5	2020-04-01	5	2020-04-01	NO700276291541274625	5	33180.671932	35276.303946
700276291541274626	5	2	2020-04-01	2	2020-04-01	NO700276291541274626	4	55516.757329	48851.672444
700276291541274627	3	3	2020-04-02	5	2020-04-02	NO700276291541274627	2	85452.015552	23674.125246
700276291541274628	2	1	2020-04-02	2	2020-04-02	NO700276291541274628	4	85576.773923	74732.677653
700276291541274629	3	3	2020-04-02	4	2020-04-02	NO700276291541274629	2	55492.719129	60833.314082
700276291541274630	4	4	2020-04-02	1	2020-04-02	NO700276291541274630	3	19602.965889	41889.464695
700276291541274631	1	5	2020-04-02	1	2020-04-02	NO700276291541274631	4	69375.618879	13797.190482
700276291541274632	4	1	2020-04-02	2	2020-04-02	NO700276291541274632	5	11775.649306	40430.060268
700276291541274633	2	1	2020-04-02	4	2020-04-02	NO700276291541274633	3	18478.07421	83775.763984
700276291541274634	2	1	2020-04-02	5	2020-04-02	NO700276291541274634	3	4902.953253	30469.637177
700276291541274635	3	4	2020-04-02	2	2020-04-02	NO700276291541274635	5	85147.72099	45123.46087
700276291541274636	3	5	2020-04-02	3	2020-04-02	NO700276291541274636	4	86198.954745	33138.078684
700276291541274637	3	4	2020-04-02	5	2020-04-02	NO700276291541274637	1	15957.636904	93268.234497
700276291541274638	1	4	2020-04-03	5	2020-04-03	NO700276291541274638	3	83272.970615	87681.671514
700276291541274639	4	3	2020-04-03	2	2020-04-03	NO700276291541274639	2	12377.69874	70976.819975
700276291541274640	5	1	2020-04-03	5	2020-04-03	NO700276291541274640	5	82958.882101	11875.226502
700276291541274641	5	4	2020-04-03	5	2020-04-03	NO700276291541274641	4	55134.999992	69086.996509
700276291541274642	3	5	2020-04-03	4	2020-04-03	NO700276291541274642	5	39261.554806	33252.892266
700276291541274643	5	3	2020-04-03	4	2020-04-03	NO700276291541274643	1	53156.86556	39045.874417
700276291541274644	1	1	2020-04-03	4	2020-04-03	NO700276291541274644	3	50119.863758	82202.081361
700276291541274645	5	3	2020-04-03	2	2020-04-03	NO700276291541274645	5	69091.811975	21436.87002
700276291541274646	3	1	2020-04-03	5	2020-04-03	NO700276291541274646	4	61889.697316	6962.473323
700276291541274647	4	1	2020-04-03	5	2020-04-03	NO700276291541274647	1	41278.98639	36758.447783
700276291541274648	5	5	2020-04-03	3	2020-04-03	NO700276291541274648	4	9084.784841	46655.010338
700276291541274649	5	5	2020-04-04	3	2020-04-04	NO700276291541274649	4	76501.883914	38807.135713
700276291541274650	3	4	2020-04-04	4	2020-04-04	NO700276291541274650	3	83736.31622	2324.536998
700276291541274651	3	1	2020-04-04	3	2020-04-04	NO700276291541274651	4	10866.852748	29030.296171
700276291541274652	5	1	2020-04-04	3	2020-04-04	NO700276291541274652	5	8913.312909	76204.377831
700276291541274653	2	4	2020-04-04	1	2020-04-04	NO700276291541274653	2	27423.922006	5196.103858
700276291541274654	4	5	2020-04-04	2	2020-04-04	NO700276291541274654	3	37399.728256	9022.864291
700276291541274655	3	3	2020-04-04	3	2020-04-04	NO700276291541274655	5	92196.166772	98219.995426
700276291541274656	1	3	2020-04-04	5	2020-04-04	NO700276291541274656	1	91217.11963	71619.973868
700276291541274657	5	5	2020-04-04	1	2020-04-04	NO700276291541274657	5	83926.694093	67747.426673
700276291541274658	1	3	2020-04-05	4	2020-04-05	NO700276291541274658	2	69418.949187	36266.768466
700276291541274659	3	4	2020-04-05	3	2020-04-05	NO700276291541274659	2	81564.006519	40034.154157
700276291541274660	4	4	2020-04-06	4	2020-04-06	NO700276291541274660	1	96212.197527	44064.036992
700276291545468928	5	5	2020-04-06	2	2020-04-06	NO700276291545468928	3	46508.872597	8991.070764
700276291545468929	5	3	2020-04-06	3	2020-04-06	NO700276291545468929	3	12282.954902	89280.125209
700276291545468930	1	1	2020-04-06	2	2020-04-06	NO700276291545468930	2	11410.340042	62240.578758
700276291545468931	1	5	2020-04-06	5	2020-04-06	NO700276291545468931	1	93416.513962	99307.294943
700276291545468932	2	3	2020-04-06	3	2020-04-06	NO700276291545468932	3	43306.304183	31533.299476
700276291545468933	1	2	2020-04-06	3	2020-04-06	NO700276291545468933	5	5090.171076	22317.951363
700276291545468934	3	2	2020-04-06	1	2020-04-06	NO700276291545468934	4	6701.266562	29807.968586
700276291545468935	2	4	2020-04-06	5	2020-04-06	NO700276291545468935	2	21378.661372	5280.899389
700276291545468936	4	1	2020-04-06	1	2020-04-06	NO700276291545468936	2	91770.464167	77848.215744
700276291545468937	1	2	2020-04-06	1	2020-04-06	NO700276291545468937	1	73202.10212	27515.998758
700276291545468938	5	5	2020-04-06	1	2020-04-06	NO700276291545468938	2	95627.753879	35473.493342
700276291545468939	4	4	2020-04-06	4	2020-04-06	NO700276291545468939	4	17483.790533	67488.305085
700276291545468940	1	2	2020-04-06	3	2020-04-06	NO700276291545468940	4	10261.291508	63972.020064
700276291545468941	4	4	2020-04-06	3	2020-04-06	NO700276291545468941	1	64972.781476	49158.918883
700276291545468942	1	5	2020-04-06	3	2020-04-06	NO700276291545468942	1	79258.360123	55918.278823
700276291545468943	5	5	2020-04-06	1	2020-04-06	NO700276291545468943	3	70966.412365	34412.461485
700276291545468944	1	1	2020-04-06	1	2020-04-06	NO700276291545468944	2	88974.457947	22083.857677
700276291545468945	2	2	2020-04-06	5	2020-04-06	NO700276291545468945	3	27954.720313	30952.191987
700276291545468946	4	1	2020-04-07	2	2020-04-07	NO700276291545468946	4	37160.110587	12957.51043
700276291545468947	2	2	2020-04-07	3	2020-04-07	NO700276291545468947	2	70177.739374	70733.571557
700276291545468948	5	1	2020-04-07	3	2020-04-07	NO700276291545468948	5	47283.422087	87589.004697
700276291545468949	3	4	2020-04-07	5	2020-04-07	NO700276291545468949	4	2724.346079	79369.945854
700276291545468950	1	2	2020-04-08	3	2020-04-08	NO700276291545468950	5	90790.037857	5213.642717
700276291545468951	5	5	2020-04-08	3	2020-04-08	NO700276291545468951	5	66751.006394	65612.451371
700276291545468952	4	5	2020-04-08	5	2020-04-08	NO700276291545468952	5	34606.946146	49413.364377
700276291545468953	2	4	2020-04-08	4	2020-04-08	NO700276291545468953	2	21645.13467	31761.922584
700276291545468954	3	3	2020-04-08	5	2020-04-08	NO700276291545468954	5	14194.059245	87510.499323
700276291545468955	1	4	2020-04-08	3	2020-04-08	NO700276291545468955	5	57044.523729	20349.198205
700276291545468956	1	3	2020-04-08	1	2020-04-08	NO700276291545468956	1	17127.202855	17012.563137
700276291545468957	2	4	2020-04-08	1	2020-04-08	NO700276291545468957	5	74523.986865	5506.296229
700276291545468958	2	1	2020-04-08	2	2020-04-08	NO700276291545468958	2	59977.934976	51898.740494
700276291545468959	4	4	2020-04-08	1	2020-04-08	NO700276291545468959	1	4590.722527	2034.35076
700276291545468960	3	2	2020-04-08	3	2020-04-08	NO700276291545468960	4	70507.602218	17165.903226
700276291545468961	5	3	2020-04-08	5	2020-04-08	NO700276291545468961	2	6325.933008	41148.29155
700276291545468962	5	1	2020-04-08	5	2020-04-08	NO700276291545468962	1	71065.764526	75860.624958
700276291545468963	5	4	2020-04-08	3	2020-04-08	NO700276291545468963	3	63353.187407	72333.067539
700276947920490496	4	4	2020-04-01	1	2020-04-01	NO700276947920490496	1	22500.301138	81420.819985
700276947924684800	1	4	2020-04-01	2	2020-04-01	NO700276947924684800	2	88080.246156	4385.725058
700276947924684801	5	5	2020-04-01	1	2020-04-01	NO700276947924684801	5	49062.410223	37744.906798
700276947924684802	3	1	2020-04-01	4	2020-04-01	NO700276947924684802	3	94452.755136	17432.901
700276947924684803	4	1	2020-04-01	5	2020-04-01	NO700276947924684803	4	49816.541541	53326.117313
700276947924684804	1	5	2020-04-01	2	2020-04-01	NO700276947924684804	1	14939.703695	98075.131676
700276947924684805	5	2	2020-04-01	2	2020-04-01	NO700276947924684805	3	55460.362981	99540.168957
700276947924684806	1	1	2020-04-01	3	2020-04-01	NO700276947924684806	1	2793.311264	3500.397811
700276947924684807	2	2	2020-04-01	3	2020-04-01	NO700276947924684807	4	17177.010007	10171.367479
700276947924684808	4	4	2020-04-01	2	2020-04-01	NO700276947924684808	4	68790.300418	60231.933217
700276947924684809	5	5	2020-04-01	4	2020-04-01	NO700276947924684809	5	10912.766055	88263.460887
700276947924684810	5	5	2020-04-01	3	2020-04-01	NO700276947924684810	3	14173.362431	63882.597413
700276947924684811	5	3	2020-04-01	5	2020-04-01	NO700276947924684811	4	59978.346185	91799.01932
700276947924684812	2	5	2020-04-01	4	2020-04-01	NO700276947924684812	2	26250.636749	74813.795936
700276947924684813	2	2	2020-04-01	2	2020-04-01	NO700276947924684813	2	77362.335601	91764.205474
700276947924684814	2	5	2020-04-01	2	2020-04-01	NO700276947924684814	1	81089.871593	32984.512964
700276947924684815	5	1	2020-04-01	2	2020-04-01	NO700276947924684815	2	73868.29927	62005.77519
700276947924684816	3	3	2020-04-01	1	2020-04-01	NO700276947924684816	3	78926.520453	94841.824336
700276947924684817	1	2	2020-04-01	3	2020-04-01	NO700276947924684817	1	3096.828989	26410.918817
700276947924684818	1	3	2020-04-01	5	2020-04-01	NO700276947924684818	3	82031.513675	2640.781711
700276947924684819	1	3	2020-04-02	5	2020-04-02	NO700276947924684819	1	17924.631674	5447.641289
700276947924684820	3	3	2020-04-02	3	2020-04-02	NO700276947924684820	3	20702.276091	1326.263508
700276947924684821	3	4	2020-04-02	3	2020-04-02	NO700276947924684821	5	13524.134194	89835.773616
700276947928879104	5	2	2020-04-02	1	2020-04-02	NO700276947928879104	5	74350.885007	4218.912966
700276947928879105	4	3	2020-04-02	5	2020-04-02	NO700276947928879105	4	2486.073915	12637.520455
700276947928879106	1	2	2020-04-02	2	2020-04-02	NO700276947928879106	5	44582.622364	24231.36696
700276947928879107	5	3	2020-04-02	4	2020-04-02	NO700276947928879107	1	77109.838246	16018.023472
700276947928879108	4	1	2020-04-02	5	2020-04-02	NO700276947928879108	4	50902.7745	2907.534773
700276947928879109	2	3	2020-04-02	3	2020-04-02	NO700276947928879109	5	21976.038733	94053.90931
700276947928879110	5	1	2020-04-02	1	2020-04-02	NO700276947928879110	1	11566.842768	83754.620256
700276947928879111	1	1	2020-04-02	5	2020-04-02	NO700276947928879111	1	9473.601	63203.017849
700276947928879112	4	3	2020-04-02	1	2020-04-02	NO700276947928879112	1	24608.621569	97241.954682
700276947928879113	4	5	2020-04-02	2	2020-04-02	NO700276947928879113	5	34854.202849	61089.600758
700276947928879114	4	2	2020-04-02	1	2020-04-02	NO700276947928879114	1	13180.129555	70275.469396
700276947928879115	1	3	2020-04-02	4	2020-04-02	NO700276947928879115	2	20054.557456	38216.110093
700276947928879116	3	5	2020-04-02	1	2020-04-02	NO700276947928879116	2	71400.138707	25091.368804
700276947928879117	4	4	2020-04-02	4	2020-04-02	NO700276947928879117	5	74974.510368	5186.864562
700276947928879118	4	2	2020-04-02	5	2020-04-02	NO700276947928879118	4	53826.403868	28905.578796
700276947928879119	1	2	2020-04-02	3	2020-04-02	NO700276947928879119	2	83495.696	12385.879082
700276947928879120	2	2	2020-04-02	5	2020-04-02	NO700276947928879120	1	2467.497219	74851.011153
700276947928879121	2	1	2020-04-03	5	2020-04-03	NO700276947928879121	5	44840.880421	77284.03725
700276947928879122	1	4	2020-04-03	4	2020-04-03	NO700276947928879122	5	53063.86868	7529.869791
700276947928879123	2	4	2020-04-03	4	2020-04-03	NO700276947928879123	2	86787.450587	63970.542595
700276947928879124	2	3	2020-04-04	5	2020-04-04	NO700276947928879124	5	58670.37851	76697.485488
700276947928879125	4	2	2020-04-04	2	2020-04-04	NO700276947928879125	2	60025.353553	9885.775386
700276947928879126	5	4	2020-04-04	4	2020-04-04	NO700276947928879126	2	52094.842848	89408.037316
700276947928879127	4	1	2020-04-05	3	2020-04-05	NO700276947928879127	5	30278.025185	77598.679704
700276947928879128	1	5	2020-04-05	1	2020-04-05	NO700276947928879128	1	86097.462159	91580.996306
700276947928879129	1	5	2020-04-05	4	2020-04-05	NO700276947928879129	5	54095.679856	23457.279029
700276947928879130	1	4	2020-04-05	4	2020-04-05	NO700276947928879130	2	67604.747831	99033.198428
700276947928879131	5	5	2020-04-05	5	2020-04-05	NO700276947928879131	1	89459.656833	62466.000907
700276947928879132	4	2	2020-04-05	4	2020-04-05	NO700276947928879132	2	73139.252995	7984.580538
700276947933073408	4	3	2020-04-06	1	2020-04-06	NO700276947933073408	3	23223.609229	50808.280203
700276947933073409	1	5	2020-04-06	2	2020-04-06	NO700276947933073409	4	94580.256472	24495.845495
700276947933073410	4	3	2020-04-06	4	2020-04-06	NO700276947933073410	4	46626.61767	68837.862145
700276947933073411	1	1	2020-04-06	1	2020-04-06	NO700276947933073411	2	87391.798974	20789.56195
700276947933073412	5	5	2020-04-06	5	2020-04-06	NO700276947933073412	4	89571.037814	4874.776025
700276947933073413	4	3	2020-04-06	5	2020-04-06	NO700276947933073413	5	88623.45157	11702.235612
700276947933073414	1	5	2020-04-06	1	2020-04-06	NO700276947933073414	5	82817.712564	86547.023872
700276947933073415	1	4	2020-04-06	4	2020-04-06	NO700276947933073415	3	26262.156872	17934.642031
700276947933073416	3	2	2020-04-06	1	2020-04-06	NO700276947933073416	2	8599.930802	82013.87639
700276947933073417	1	4	2020-04-06	1	2020-04-06	NO700276947933073417	2	36840.53761	31957.636294
700276947933073418	5	4	2020-04-06	1	2020-04-06	NO700276947933073418	5	63213.451108	39213.741664
700276947933073419	5	4	2020-04-06	2	2020-04-06	NO700276947933073419	5	87327.347212	83387.254166
700276947933073420	4	5	2020-04-06	4	2020-04-06	NO700276947933073420	5	6095.593125	48858.271228
700276947933073421	1	4	2020-04-06	1	2020-04-06	NO700276947933073421	3	76564.951405	14434.396059
700276947933073422	5	1	2020-04-06	5	2020-04-06	NO700276947933073422	4	91998.638945	34316.733225
700276947933073423	3	3	2020-04-06	2	2020-04-06	NO700276947933073423	5	45995.632901	88078.344884
700276947933073424	3	4	2020-04-06	1	2020-04-06	NO700276947933073424	1	54660.47439	64743.713629
700276947933073425	2	3	2020-04-06	3	2020-04-06	NO700276947933073425	1	52859.613787	21370.737068
700276947933073426	3	3	2020-04-06	5	2020-04-06	NO700276947933073426	4	4268.518556	11442.393777
700276947933073427	2	1	2020-04-07	5	2020-04-07	NO700276947933073427	1	50764.274055	75663.828426
700276947933073428	2	4	2020-04-07	5	2020-04-07	NO700276947933073428	2	8474.10823	88918.024859
700276947933073429	2	1	2020-04-07	1	2020-04-07	NO700276947933073429	5	88255.037199	14430.043501
700276947933073430	5	2	2020-04-07	5	2020-04-07	NO700276947933073430	2	31375.920541	23764.644439
700276947933073431	2	5	2020-04-07	3	2020-04-07	NO700276947933073431	1	48335.558369	74910.39273
700276947933073432	5	5	2020-04-07	2	2020-04-07	NO700276947933073432	5	93470.909055	96258.291565
700276947933073433	5	3	2020-04-07	1	2020-04-07	NO700276947933073433	4	50360.860753	16386.805729
700276947933073434	1	4	2020-04-07	1	2020-04-07	NO700276947933073434	1	61741.937272	39620.326499
700276947933073435	5	2	2020-04-07	4	2020-04-07	NO700276947933073435	3	46469.581155	78506.465727
700276947933073436	1	4	2020-04-07	3	2020-04-07	NO700276947933073436	1	91105.648156	61146.381377
700276947933073437	3	4	2020-04-07	4	2020-04-07	NO700276947933073437	5	13383.101404	79046.556903
700276947933073438	2	3	2020-04-08	5	2020-04-08	NO700276947933073438	1	10753.756543	36152.404608
700277400800464896	1	5	2020-04-01	1	2020-04-01	NO700277400800464896	1	78781.000384	49471.918275
700277400804659200	4	1	2020-04-01	4	2020-04-01	NO700277400804659200	2	60337.257269	49862.19368
700277400804659201	4	1	2020-04-01	4	2020-04-01	NO700277400804659201	3	72925.592077	39316.720959
700277400804659202	4	1	2020-04-01	1	2020-04-01	NO700277400804659202	1	8265.17876	93079.075859
700277400804659203	2	2	2020-04-01	1	2020-04-01	NO700277400804659203	2	19268.034137	42723.472404
700277400804659204	5	3	2020-04-01	2	2020-04-01	NO700277400804659204	5	59978.810159	33516.364901
700277400804659205	4	1	2020-04-01	5	2020-04-01	NO700277400804659205	2	68179.814265	31346.262942
700277400804659206	3	4	2020-04-01	3	2020-04-01	NO700277400804659206	3	55431.585361	56956.400462
700277400804659207	2	1	2020-04-01	1	2020-04-01	NO700277400804659207	3	22378.279841	39140.674273
700277400804659208	2	1	2020-04-01	3	2020-04-01	NO700277400804659208	4	77671.216259	44714.288507
700277400804659209	1	2	2020-04-01	3	2020-04-01	NO700277400804659209	1	41850.882159	4400.346269
700277400804659210	5	4	2020-04-01	4	2020-04-01	NO700277400804659210	3	21168.557241	9233.552542
700277400804659211	4	1	2020-04-01	4	2020-04-01	NO700277400804659211	5	38675.081549	72234.623703
700277400804659212	2	2	2020-04-01	5	2020-04-01	NO700277400804659212	1	96600.071396	19563.338508
700277400804659213	2	3	2020-04-01	3	2020-04-01	NO700277400804659213	4	38046.58785	15949.32355
700277400804659214	1	5	2020-04-01	4	2020-04-01	NO700277400804659214	2	1187.495586	47813.129233
700277400804659215	1	4	2020-04-01	5	2020-04-01	NO700277400804659215	3	19440.941234	27197.93568
700277400804659216	2	2	2020-04-01	3	2020-04-01	NO700277400804659216	2	39152.46551	32416.445859
700277400808853504	1	5	2020-04-01	3	2020-04-01	NO700277400808853504	2	33989.223726	74261.40345
700277400808853505	2	5	2020-04-01	4	2020-04-01	NO700277400808853505	3	63019.900593	8753.793756
700277400808853506	5	3	2020-04-02	3	2020-04-02	NO700277400808853506	2	3662.541247	99197.035656
700277400808853507	2	2	2020-04-02	3	2020-04-02	NO700277400808853507	2	53918.77579	51299.304981
700277400808853508	4	1	2020-04-03	4	2020-04-03	NO700277400808853508	2	38350.721981	15425.959778
700277400808853509	1	4	2020-04-03	4	2020-04-03	NO700277400808853509	2	51169.451932	46900.85748
700277400808853510	1	1	2020-04-03	1	2020-04-03	NO700277400808853510	3	15647.982719	67603.167992
700277400808853511	3	4	2020-04-03	4	2020-04-03	NO700277400808853511	1	18637.044549	69313.629751
700277400808853512	5	4	2020-04-03	4	2020-04-03	NO700277400808853512	2	89770.191948	10041.680756
700277400808853513	4	3	2020-04-03	5	2020-04-03	NO700277400808853513	2	36090.554731	53312.746681
700277400808853514	4	2	2020-04-03	2	2020-04-03	NO700277400808853514	5	81908.16461	36537.752758
700277400808853515	1	3	2020-04-03	2	2020-04-03	NO700277400808853515	5	51096.672062	72424.337682
700277400808853516	2	3	2020-04-03	1	2020-04-03	NO700277400808853516	2	39035.896745	59586.146368
700277400808853517	1	1	2020-04-03	4	2020-04-03	NO700277400808853517	2	31880.801894	46997.083101
700277400808853518	1	4	2020-04-03	4	2020-04-03	NO700277400808853518	2	39204.657411	68098.560448
700277400808853519	5	4	2020-04-03	2	2020-04-03	NO700277400808853519	5	10510.515442	65223.439268
700277400808853520	5	2	2020-04-03	5	2020-04-03	NO700277400808853520	1	98148.889741	17863.794305
700277400808853521	2	4	2020-04-03	2	2020-04-03	NO700277400808853521	5	24029.682123	43644.25326
700277400808853522	5	5	2020-04-03	5	2020-04-03	NO700277400808853522	4	98815.495848	12725.362283
700277400808853523	4	5	2020-04-03	2	2020-04-03	NO700277400808853523	5	28513.104422	85784.797185
700277400808853524	2	1	2020-04-03	5	2020-04-03	NO700277400808853524	2	44604.515402	65059.712974
700277400808853525	2	5	2020-04-03	4	2020-04-03	NO700277400808853525	2	61819.91568	60494.253965
700277400808853526	2	5	2020-04-03	1	2020-04-03	NO700277400808853526	4	91433.741779	76241.386006
700277400808853527	5	2	2020-04-03	2	2020-04-03	NO700277400808853527	5	81454.864323	61884.003169
700277400808853528	1	1	2020-04-04	5	2020-04-04	NO700277400808853528	1	55542.123412	7315.873141
700277400808853529	3	3	2020-04-04	2	2020-04-04	NO700277400808853529	5	7006.768853	92001.945637
700277400808853530	1	2	2020-04-04	5	2020-04-04	NO700277400808853530	4	12306.019734	69917.402882
700277400808853531	5	3	2020-04-04	3	2020-04-04	NO700277400808853531	1	64801.361479	24821.7953
700277400808853532	2	4	2020-04-05	3	2020-04-05	NO700277400808853532	2	98326.747528	80030.313195
700277400813047808	1	4	2020-04-05	3	2020-04-05	NO700277400813047808	2	53573.345525	56193.969107
700277400813047809	5	4	2020-04-05	1	2020-04-05	NO700277400813047809	1	18998.287231	21663.260606
700277400813047810	2	1	2020-04-05	2	2020-04-05	NO700277400813047810	2	67011.471674	82077.589423
700277400813047811	4	3	2020-04-05	5	2020-04-05	NO700277400813047811	2	42059.195827	5486.888212
700277400813047812	4	5	2020-04-05	3	2020-04-05	NO700277400813047812	4	79727.958142	10414.722974
700277400813047813	2	5	2020-04-05	3	2020-04-05	NO700277400813047813	5	6402.179296	5151.380556
700277400813047814	5	2	2020-04-05	1	2020-04-05	NO700277400813047814	1	84163.214224	41986.796606
700277400813047815	5	5	2020-04-05	2	2020-04-05	NO700277400813047815	3	3291.120835	88095.925229
700277400813047816	4	4	2020-04-05	4	2020-04-05	NO700277400813047816	3	77556.237178	72761.064004
700277400813047817	5	1	2020-04-05	4	2020-04-05	NO700277400813047817	2	92015.161545	73363.249611
700277400813047818	4	4	2020-04-05	2	2020-04-05	NO700277400813047818	4	32677.518118	29478.648886
700277400813047819	1	1	2020-04-05	1	2020-04-05	NO700277400813047819	1	17049.403481	26150.74633
700277400813047820	4	3	2020-04-05	1	2020-04-05	NO700277400813047820	5	89354.268142	38001.894745
700277400813047821	1	2	2020-04-05	3	2020-04-05	NO700277400813047821	3	43608.436165	66758.399245
700277400813047822	3	2	2020-04-05	5	2020-04-05	NO700277400813047822	1	63870.240788	8022.848326
700277400813047823	5	1	2020-04-05	3	2020-04-05	NO700277400813047823	1	92099.679442	92458.549025
700277400813047824	1	1	2020-04-05	1	2020-04-05	NO700277400813047824	3	92961.30646	71269.71773
700277400813047825	2	3	2020-04-05	3	2020-04-05	NO700277400813047825	3	3003.973976	8806.255614
700277400813047826	3	4	2020-04-05	5	2020-04-05	NO700277400813047826	1	2033.716427	28525.238001
700277400813047827	4	3	2020-04-06	1	2020-04-06	NO700277400813047827	3	66343.213673	74951.410964
700277400813047828	5	2	2020-04-06	1	2020-04-06	NO700277400813047828	5	47350.154399	61231.803761
700277400813047829	3	3	2020-04-06	4	2020-04-06	NO700277400813047829	5	22488.701725	91973.42416
700277400813047830	1	2	2020-04-06	4	2020-04-06	NO700277400813047830	5	13941.382533	5458.775165
700277400813047831	4	3	2020-04-06	3	2020-04-06	NO700277400813047831	4	32562.45464	21385.857639
700277400813047832	1	2	2020-04-06	5	2020-04-06	NO700277400813047832	2	61182.594409	69080.96207
700277400813047833	2	4	2020-04-06	4	2020-04-06	NO700277400813047833	4	53284.040554	63136.534027
700277400813047834	5	3	2020-04-06	3	2020-04-06	NO700277400813047834	3	62362.110098	95963.805916
700277400813047835	5	5	2020-04-06	4	2020-04-06	NO700277400813047835	2	25919.054221	20188.683095
700277400813047836	5	4	2020-04-06	2	2020-04-06	NO700277400813047836	1	78034.463292	32669.600183
700277400813047837	5	2	2020-04-07	5	2020-04-07	NO700277400813047837	3	70094.732103	50684.116459
700277400813047838	3	2	2020-04-07	3	2020-04-07	NO700277400813047838	3	80987.877351	14940.561761
700277400813047839	2	4	2020-04-07	5	2020-04-07	NO700277400813047839	1	8060.024272	28773.286644
700277400813047840	5	4	2020-04-07	3	2020-04-07	NO700277400813047840	2	2977.233498	24241.148686
700277400813047841	5	2	2020-04-07	2	2020-04-07	NO700277400813047841	5	61498.539461	25691.615028
700277400813047842	4	5	2020-04-07	1	2020-04-07	NO700277400813047842	5	31476.352746	24082.338223
700277400813047843	5	1	2020-04-07	3	2020-04-07	NO700277400813047843	2	13070.141827	20463.198379
700277400813047844	5	1	2020-04-08	5	2020-04-08	NO700277400813047844	2	11827.530967	77271.753949
700277400813047845	1	3	2020-04-08	4	2020-04-08	NO700277400813047845	2	29414.250315	57306.378891
700277400813047846	2	2	2020-04-08	1	2020-04-08	NO700277400813047846	4	53310.638771	37827.253168
700277400813047847	5	4	2020-04-08	4	2020-04-08	NO700277400813047847	2	62765.330615	92767.220776
700277400813047848	5	5	2020-04-08	2	2020-04-08	NO700277400813047848	1	87718.276813	35429.888007
700277400813047849	2	4	2020-04-08	3	2020-04-08	NO700277400813047849	5	69029.510702	79634.291851
700277400813047850	2	2	2020-04-08	5	2020-04-08	NO700277400813047850	5	14973.520389	90986.867609
700277400813047851	1	4	2020-04-08	3	2020-04-08	NO700277400813047851	3	90486.32036	98828.961311
700277400813047852	3	2	2020-04-08	5	2020-04-08	NO700277400813047852	1	44399.879679	99187.23751
700277400817242112	3	4	2020-04-08	2	2020-04-08	NO700277400817242112	2	34256.242809	93548.42922
700277400817242113	1	3	2020-04-08	5	2020-04-08	NO700277400817242113	4	9179.013546	35181.331203
700277400817242114	3	2	2020-04-08	3	2020-04-08	NO700277400817242114	4	12005.65333	94819.520442
700277400817242115	2	4	2020-04-08	1	2020-04-08	NO700277400817242115	1	61913.485663	71935.426411
700277400817242116	2	4	2020-04-08	5	2020-04-08	NO700277400817242116	4	55901.927587	32841.022926
\.


--
-- TOC entry 2885 (class 0 OID 16518)
-- Dependencies: 210
-- Data for Name: invoiceproduct; Type: TABLE DATA; Schema: public; Owner: postgres
--

COPY public.invoiceproduct (product_id, invoice_id, amount, quantity) FROM stdin;
3	700276947920490496	44469.952579	1
5	700276947924684800	75875.457783	5
4	700276947924684801	95603.685894	9
5	700276947924684802	70422.446401	7
2	700276947924684803	65912.198748	3
5	700276947924684803	79157.995325	7
4	700276947924684804	84831.513826	1
5	700276947924684804	48557.848854	5
3	700276947924684805	68425.744543	0
2	700276947924684805	63246.448526	5
3	700276947924684806	73460.171797	9
5	700276947924684806	90090.67336	8
1	700276947924684807	71506.201528	5
5	700276947924684808	41852.155691	0
1	700276947924684809	36345.631376	4
2	700276947924684810	54682.341488	6
5	700276947924684811	99485.876348	3
1	700276947924684811	72162.323908	0
2	700276947924684812	13648.080721	8
1	700276947924684813	44577.962945	9
5	700276947924684814	56900.621303	3
1	700276947924684815	48976.021264	3
4	700276947924684815	60616.14988	2
3	700276947924684816	8306.007716	3
3	700276947924684817	30066.034133	2
4	700276947924684818	96901.947184	7
3	700276947924684818	9693.697874	4
3	700276947924684819	79835.27032	0
4	700276947924684819	16491.930866	3
2	700276947924684820	65909.910364	5
3	700276947924684821	66857.034907	6
5	700276947924684821	2258.275244	0
5	700276947928879104	91631.760091	5
5	700276947928879105	24308.231396	0
3	700276947928879106	50687.691905	7
4	700276947928879107	35609.83824	7
3	700276947928879108	87193.519527	9
5	700276947928879109	24439.773832	9
2	700276947928879109	90681.654665	1
2	700276947928879110	60190.165398	3
2	700276947928879111	79469.639775	1
3	700276947928879112	68930.198846	5
4	700276947928879112	88104.718084	2
3	700276947928879113	39561.312686	7
5	700276947928879113	70863.059403	2
3	700276947928879114	18716.922108	3
3	700276947928879115	50654.86417	4
5	700276947928879115	12914.632475	1
4	700276947928879116	69314.241869	8
3	700276947928879116	41827.757303	3
4	700276947928879117	20240.178904	6
3	700276947928879118	79050.199867	7
4	700276947928879118	44251.590808	6
5	700276947928879119	35209.496102	1
3	700276947928879119	11692.92562	2
5	700276947928879120	85659.040096	1
3	700276947928879121	22265.927296	4
4	700276947928879121	4719.083389	1
4	700276947928879122	93888.190681	1
1	700276947928879122	70903.096873	7
3	700276947928879123	55988.274352	8
5	700276947928879123	52666.643225	4
2	700276947928879124	96879.132081	3
1	700276947928879125	5046.507768	2
5	700276947928879126	97784.338865	0
4	700276947928879126	87053.979245	8
4	700276947928879127	19791.274446	1
5	700276947928879128	91986.888927	8
2	700276947928879129	90713.278943	5
4	700276947928879130	26865.927855	9
2	700276947928879130	64543.114586	3
1	700276947928879131	3734.785135	9
2	700276947928879131	50042.536963	9
3	700276947928879132	51347.963855	6
4	700276947928879132	41350.302779	4
5	700276947933073408	33804.705484	7
5	700276947933073409	89215.594986	3
3	700276947933073409	35436.841957	0
4	700276947933073410	3798.164293	6
5	700276947933073410	68872.954543	0
1	700276947933073411	24699.26574	1
2	700276947933073412	33257.174917	9
4	700276947933073412	84865.381827	2
1	700276947933073413	83676.642145	8
2	700276947933073414	12766.959137	3
2	700276947933073415	27033.459856	1
5	700276947933073416	44095.925037	8
4	700276947933073417	25443.235068	5
5	700276947933073418	71548.696921	9
3	700276947933073418	50100.531671	0
4	700276947933073419	93642.92008	3
3	700276947933073419	4931.642439	2
3	700276947933073420	1006.164021	7
3	700276947933073421	10377.497455	7
1	700276947933073422	95943.718985	0
3	700276947933073423	34220.491279	2
1	700276947933073423	13813.746251	0
1	700276947933073424	4293.211745	8
2	700276947933073424	12321.143535	6
1	700276947933073425	57889.470733	6
2	700276947933073426	32951.441005	2
4	700276947933073427	70825.877282	0
5	700276947933073427	62327.239317	4
1	700276947933073428	4470.975414	3
2	700276947933073429	88879.205942	7
4	700276947933073429	14961.069183	6
4	700276947933073430	87612.739652	9
1	700276947933073431	54245.54573	9
2	700276947933073431	69616.768254	0
3	700276947933073432	67423.341806	0
1	700276947933073433	88951.058718	9
2	700276947933073433	76058.665397	5
3	700276947933073434	22109.525724	6
3	700276947933073435	25008.412993	1
2	700276947933073435	57866.386815	4
3	700276947933073436	21777.876569	5
3	700276947933073437	2062.944183	7
3	700277400800464896	20958.638681	0
3	700277400804659200	39660.328345	9
2	700277400804659201	97181.13037	9
3	700277400804659202	83964.563973	6
2	700277400804659203	94505.00085	6
2	700277400804659204	19898.351662	3
4	700277400804659205	33210.013199	2
2	700277400804659206	46196.119916	9
4	700277400804659206	10004.579861	9
3	700277400804659207	70952.283677	9
2	700277400804659207	48753.546466	4
2	700277400804659208	65562.472081	3
1	700277400804659208	48917.368361	9
3	700277400804659209	65836.766158	6
5	700277400804659209	98901.456373	1
2	700277400804659210	39825.089188	7
1	700277400804659211	86389.349487	3
2	700277400804659212	3589.061142	8
4	700277400804659213	36870.709951	9
4	700277400804659214	50251.617379	0
5	700277400804659215	38400.556066	9
1	700277400804659215	29294.094009	5
2	700277400804659216	26554.439859	2
5	700277400808853504	19665.153813	1
3	700277400808853504	49166.489813	4
5	700277400808853505	42457.105244	6
1	700277400808853506	67765.516821	4
5	700277400808853507	38629.904617	8
4	700277400808853507	38111.149825	8
2	700277400808853508	88903.361452	7
5	700277400808853508	96445.676617	2
1	700277400808853509	98847.320467	8
4	700277400808853509	18476.311387	4
1	700277400808853510	99849.36442	9
3	700277400808853510	60846.518477	1
2	700277400808853511	18085.713573	2
1	700277400808853511	96733.211074	3
2	700277400808853512	44909.711918	7
4	700277400808853513	99260.595065	9
1	700277400808853514	79552.271781	3
5	700277400808853514	53193.528379	0
4	700277400808853515	30236.066458	7
2	700277400808853516	67178.788703	3
5	700277400808853516	71496.824219	4
5	700277400808853517	67235.41872	9
2	700277400808853518	35221.121867	8
3	700277400808853518	49116.229275	9
5	700277400808853519	78643.993921	3
2	700277400808853520	99642.519792	5
5	700277400808853521	47384.684125	8
2	700277400808853522	87625.045625	3
3	700277400808853522	10435.017274	6
1	700277400808853523	14883.583515	5
2	700277400808853523	85244.425842	5
3	700277400808853524	26783.756712	0
5	700277400808853525	19943.013767	1
4	700277400808853526	14824.695123	4
2	700277400808853526	49936.778911	2
2	700277400808853527	61489.993209	6
2	700277400808853528	2124.208386	2
4	700277400808853528	57055.30037	7
2	700277400808853529	18461.406528	5
1	700277400808853530	24935.361499	1
4	700277400808853531	35804.492452	2
4	700277400808853532	11766.715314	2
1	700277400808853532	27594.666309	3
4	700277400813047808	82979.452362	6
1	700277400813047808	14116.553867	3
1	700277400813047809	68090.36761	4
4	700277400813047810	40225.262778	7
2	700277400813047811	63393.648745	4
5	700277400813047811	45666.242555	1
2	700277400813047812	30692.283831	5
1	700277400813047813	63987.967116	9
5	700277400813047813	93595.698854	2
1	700277400813047814	10495.709031	3
3	700277400813047814	28515.04284	6
2	700277400813047815	81995.390014	4
4	700277400813047816	69718.111653	9
5	700277400813047817	56649.2843	0
2	700277400813047818	51140.416935	3
1	700277400813047819	59483.825357	7
2	700277400813047820	35316.867031	8
3	700277400813047821	3200.613809	8
4	700277400813047821	77439.488123	7
1	700277400813047822	11771.484471	5
2	700277400813047823	69819.001373	1
3	700277400813047824	3518.4236	0
2	700277400813047825	98761.229006	1
1	700277400813047826	85324.804525	3
1	700277400813047827	46285.748689	4
4	700277400813047828	37750.802617	3
5	700277400813047829	34563.96993	7
3	700277400813047830	87481.723824	0
1	700277400813047831	53089.964458	9
4	700277400813047831	62342.383231	2
1	700277400813047832	30618.48584	5
1	700277400813047833	32614.541948	9
3	700277400813047834	32946.588335	1
2	700277400813047834	68574.917864	1
5	700277400813047835	68261.834467	3
3	700277400813047835	82217.429461	2
2	700277400813047836	26670.048173	6
4	700277400813047837	35429.701789	0
4	700277400813047838	75697.567812	8
5	700277400813047839	50764.963808	6
4	700277400813047839	34560.640843	9
3	700277400813047840	96703.708783	0
4	700277400813047840	29619.671933	7
2	700277400813047841	57365.254976	1
3	700277400813047842	41154.771379	7
4	700277400813047842	47948.150926	6
5	700277400813047843	81332.339806	8
1	700277400813047843	71505.984364	7
5	700277400813047844	70881.661192	4
3	700277400813047844	95075.574	3
5	700277400813047845	57887.709132	9
4	700277400813047846	28412.073488	3
1	700277400813047846	90050.149495	1
2	700277400813047847	21589.945304	4
4	700277400813047848	25328.986122	5
1	700277400813047848	19535.118396	0
1	700277400813047849	5218.495121	7
3	700277400813047849	37803.331043	5
1	700277400813047850	80072.212063	5
3	700277400813047851	38719.095213	2
4	700277400813047851	85105.403582	2
3	700277400813047852	80808.036794	7
1	700277400817242112	13575.88289	2
4	700277400817242113	26908.914159	6
1	700277400817242114	60590.24335	2
2	700277400817242115	50795.387562	2
\.


--
-- TOC entry 2881 (class 0 OID 16475)
-- Dependencies: 206
-- Data for Name: location; Type: TABLE DATA; Schema: public; Owner: postgres
--

COPY public.location (location_id, city) FROM stdin;
1	HCM
2	HN
3	DaNang
4	Can Thơ
5	Nha Trang
\.


--
-- TOC entry 2882 (class 0 OID 16480)
-- Dependencies: 207
-- Data for Name: product; Type: TABLE DATA; Schema: public; Owner: postgres
--

COPY public.product (product_id, product_name, product_no) FROM stdin;
1	No1	null
2	No2	null
3	No3	null
4	No4	null
5	No5	null
6	No6	null
7	No7	null
8	No8	null
9	No9	null
10	No10	null
11	No11	null
12	No12	null
13	No13	null
14	No14	null
15	No15	null
16	No16	null
17	No17	null
18	No18	null
19	No19	null
20	No20	null
\.


--
-- TOC entry 2883 (class 0 OID 16488)
-- Dependencies: 208
-- Data for Name: salechannel; Type: TABLE DATA; Schema: public; Owner: postgres
--

COPY public.salechannel (channel_id, channel_name) FROM stdin;
1	Kênh Sale 1
2	Kênh Sale 2
3	Kênh Sale 3
4	Kênh Sale 4
5	Kênh Sale 5
6	Kênh Sale 6
7	Kênh Sale 7
8	Kênh Sale 8
9	Kênh Sale 9
10	Kênh Sale 10
11	Kênh Sale 11
12	Kênh Sale 12
13	Kênh Sale 13
14	Kênh Sale 14
15	Kênh Sale 15
16	Kênh Sale 16
17	Kênh Sale 17
18	Kênh Sale 18
19	Kênh Sale 19
20	Kênh Sale 20
\.


--
-- TOC entry 2886 (class 0 OID 16523)
-- Dependencies: 211
-- Data for Name: saleorder; Type: TABLE DATA; Schema: public; Owner: postgres
--

COPY public.saleorder (sale_order_id, branch_id, channel_id, customer_id, date, employee_id, location_id, total_sales) FROM stdin;
700265497927749632	1	0	5	2020-04-01	1	3	47043.567719
700265497927749633	5	0	2	2020-04-01	2	2	45438.866028
700265497927749634	2	0	5	2020-04-01	3	5	41162.313317
700265497927749635	1	0	4	2020-04-01	4	2	23224.112097
700265497927749636	3	0	2	2020-04-01	2	3	82907.735891
700265497927749637	2	0	2	2020-04-01	2	2	36918.255805
700265497927749638	1	0	1	2020-04-01	4	3	98239.88455
700265497927749639	1	0	1	2020-04-01	2	5	46860.621654
700265497927749640	2	0	1	2020-04-01	4	5	78681.390985
700265497927749641	1	0	1	2020-04-01	4	1	62154.97465
700265497927749642	1	0	1	2020-04-01	2	3	71859.458897
700265497927749643	2	0	2	2020-04-01	1	1	52609.043631
700265497927749644	4	0	3	2020-04-01	1	4	66053.941218
700265497927749645	3	0	1	2020-04-02	2	5	40611.525115
700265497927749646	1	0	5	2020-04-02	1	4	79072.298219
700265497927749647	2	0	1	2020-04-02	4	1	39894.611425
700265497927749648	1	0	4	2020-04-02	2	1	45900.240975
700265497927749649	2	0	4	2020-04-02	4	1	12960.505492
700265497927749650	4	0	4	2020-04-02	3	2	92251.781221
700265497927749651	4	0	4	2020-04-03	3	3	7796.371181
700265497927749652	3	0	3	2020-04-03	2	5	1445.377701
700265497927749653	4	0	4	2020-04-03	5	3	81729.15987
700265497927749654	2	0	3	2020-04-03	3	2	47695.842668
700265497927749655	3	0	2	2020-04-03	1	4	7161.255438
700265497927749656	1	0	5	2020-04-03	4	5	96524.031922
700265497927749657	4	0	4	2020-04-04	5	2	71429.018814
700265497927749658	3	0	3	2020-04-04	2	4	39476.09541
700265497927749659	2	0	2	2020-04-05	1	4	11356.73567
700265497927749660	1	0	5	2020-04-05	5	1	51752.703127
700265497931943936	3	0	2	2020-04-06	4	4	85071.451267
700265497931943937	3	0	3	2020-04-06	2	2	83574.548211
700265497931943938	5	0	3	2020-04-06	2	3	41905.574216
700265497931943939	1	0	3	2020-04-06	3	1	99755.96034
700265497931943940	4	0	3	2020-04-06	4	4	83135.609045
700265497931943941	5	0	2	2020-04-06	4	5	22247.533833
700265497931943942	1	0	5	2020-04-07	5	3	49528.005293
700265497931943943	4	0	2	2020-04-07	2	4	51596.878888
700265497931943944	2	0	4	2020-04-07	3	2	80212.792768
700265497931943945	2	0	4	2020-04-08	3	3	27595.465385
700265497931943946	4	0	4	2020-04-08	1	4	32383.09115
700265497931943947	3	0	2	2020-04-08	2	3	32967.159934
700265497931943948	1	0	5	2020-04-08	2	3	51351.832456
700265497931943949	3	0	5	2020-04-08	1	5	18418.153138
700265497931943950	4	0	5	2020-04-08	4	3	48440.328565
700265497931943951	3	0	4	2020-04-08	5	4	2462.458763
700265497931943952	3	0	2	2020-04-08	4	2	21207.705966
700265497931943953	2	0	1	2020-04-08	1	1	51354.095197
700275201764626432	1	0	3	2020-04-01	5	3	3046.839767
700275201764626433	2	0	1	2020-04-01	4	2	52920.580898
700275201764626434	5	0	1	2020-04-01	4	3	7893.726037
700275201764626435	4	0	1	2020-04-01	3	1	78772.176644
700275201764626436	5	0	4	2020-04-01	2	5	40322.283106
700275201764626437	4	0	4	2020-04-01	5	2	73140.454047
700275201764626438	3	0	5	2020-04-01	1	2	38192.468215
700275201764626439	4	0	5	2020-04-02	2	1	62483.337317
700275201764626440	1	0	3	2020-04-02	4	3	42633.954848
700275201764626441	4	0	2	2020-04-02	2	1	34852.332724
700275201764626442	3	0	4	2020-04-02	2	5	23770.093391
700275201764626443	3	0	5	2020-04-02	4	1	51363.020434
700275201764626444	5	0	4	2020-04-02	3	3	15538.911797
700275201764626445	5	0	3	2020-04-02	2	5	96067.823281
700275201764626446	4	0	4	2020-04-03	1	2	15821.876831
700275201764626447	1	0	2	2020-04-03	4	5	29131.527965
700275201764626448	2	0	3	2020-04-03	4	4	16306.726349
700275201768820736	4	0	1	2020-04-03	4	3	48134.562987
700275201768820737	5	0	2	2020-04-03	4	3	76875.447161
700275201768820738	2	0	3	2020-04-03	1	2	74626.647568
700275201768820739	4	0	4	2020-04-03	5	2	18525.666827
700275201768820740	3	0	3	2020-04-03	5	2	24662.63001
700275201768820741	5	0	5	2020-04-03	4	1	48568.973977
700275201768820742	4	0	5	2020-04-03	1	3	44544.068698
700275201768820743	3	0	1	2020-04-03	5	5	19287.322702
700275201768820744	3	0	3	2020-04-03	5	4	38053.43537
700275201768820745	4	0	2	2020-04-03	1	4	67611.88772
700275201768820746	4	0	5	2020-04-03	3	1	79961.114428
700275201768820747	2	0	1	2020-04-04	1	1	11083.980416
700275201768820748	5	0	4	2020-04-04	2	2	3684.99044
700275201768820749	4	0	2	2020-04-04	5	1	52734.429493
700275201768820750	1	0	2	2020-04-04	1	5	55189.073107
700275201768820751	4	0	5	2020-04-04	4	3	80294.57461
700275201768820752	5	0	1	2020-04-04	5	4	73974.678784
700275201768820753	3	0	3	2020-04-04	4	2	36671.282293
700275201768820754	5	0	1	2020-04-04	4	4	71881.423077
700275201768820755	3	0	3	2020-04-04	5	3	46308.280058
700275201768820756	1	0	5	2020-04-04	1	2	59390.794097
700275201768820757	2	0	1	2020-04-04	5	1	72424.37058
700275201768820758	2	0	3	2020-04-04	2	5	95429.960449
700275201768820759	1	0	4	2020-04-04	3	2	36579.123527
700275201768820760	4	0	3	2020-04-05	5	2	34627.047354
700275201768820761	1	0	1	2020-04-05	4	2	35102.815897
700275201768820762	1	0	4	2020-04-05	1	4	64850.092982
700275201768820763	2	0	1	2020-04-05	5	3	9521.829236
700275201768820764	3	0	5	2020-04-05	3	1	5924.31424
700275201768820765	1	0	5	2020-04-05	4	2	74400.795257
700275201768820766	1	0	1	2020-04-05	5	5	76311.273291
700275201768820767	5	0	3	2020-04-05	2	2	3027.654488
700275201768820768	2	0	1	2020-04-05	4	3	65729.140342
700275201768820769	1	0	3	2020-04-05	5	5	4395.273962
700275201768820770	4	0	1	2020-04-05	2	3	36147.877341
700275201768820771	3	0	2	2020-04-05	3	3	25847.79769
700275201768820772	3	0	5	2020-04-05	5	2	69570.253965
700275201768820773	5	0	1	2020-04-05	5	5	22098.619342
700275201768820774	5	0	3	2020-04-05	2	3	76229.950563
700275201768820775	1	0	1	2020-04-06	4	3	63195.830781
700275201768820776	2	0	1	2020-04-06	1	3	14630.269152
700275201768820777	1	0	1	2020-04-06	5	2	93592.281509
700275201768820778	3	0	4	2020-04-06	4	4	15499.699702
700275201768820779	2	0	4	2020-04-06	3	1	25949.769538
700275201768820780	2	0	5	2020-04-06	3	4	5162.841928
700275201768820781	4	0	3	2020-04-06	5	4	2508.690838
700275201768820782	4	0	3	2020-04-06	1	5	83316.434127
700275201768820783	4	0	3	2020-04-06	1	5	32248.815713
700275201768820784	2	0	2	2020-04-06	3	2	10793.619357
700275201768820785	3	0	4	2020-04-06	5	1	9607.207598
700275201768820786	4	0	3	2020-04-06	4	2	80640.779258
700275201768820787	4	0	2	2020-04-06	2	4	24864.36401
700275201768820788	3	0	4	2020-04-06	5	1	50311.68063
700275201768820789	3	0	2	2020-04-06	5	2	27092.77739
700275201768820790	5	0	5	2020-04-06	2	3	10549.903745
700275201768820791	4	0	3	2020-04-06	1	1	21517.277832
700275201768820792	2	0	5	2020-04-06	4	4	70676.068626
700275201768820793	2	0	1	2020-04-06	5	5	99569.334738
700275201768820794	5	0	4	2020-04-07	3	3	18841.75422
700275201768820795	3	0	5	2020-04-07	1	3	20520.80232
700275201768820796	1	0	5	2020-04-07	4	4	78686.959615
700275201768820797	4	0	4	2020-04-08	2	4	72432.499159
700275201768820798	5	0	2	2020-04-08	3	4	58105.040937
700275201768820799	3	0	5	2020-04-08	4	1	46290.948326
700275201768820800	1	0	1	2020-04-08	3	1	83090.094061
700275201768820801	1	0	2	2020-04-08	1	1	52230.892628
700275201768820802	3	0	5	2020-04-08	3	3	68567.987524
700275201768820803	2	0	4	2020-04-08	3	5	44928.705142
700275201768820804	3	0	4	2020-04-08	4	3	40541.329901
700275201768820805	1	0	4	2020-04-08	3	5	13288.156903
700275201768820806	2	0	5	2020-04-08	3	1	4477.743454
700275201768820807	2	0	4	2020-04-08	4	1	60602.159734
700275201768820808	4	0	5	2020-04-08	3	5	85490.263783
700275201768820809	1	0	2	2020-04-08	4	3	77798.927949
700275201768820810	3	0	5	2020-04-08	5	4	40937.857476
700275201768820811	4	0	4	2020-04-08	3	3	42359.655452
700275201768820812	3	0	3	2020-04-08	4	1	5674.738272
700275201768820813	1	0	4	2020-04-08	1	4	70758.713583
700275201768820814	2	0	4	2020-04-08	1	4	37421.975345
700275803861159936	5	0	3	2020-04-01	2	4	43753.190987
700275803861159937	3	0	4	2020-04-01	3	2	51764.774834
700275803861159938	3	0	4	2020-04-01	5	2	88983.918821
700275803861159939	2	0	3	2020-04-01	2	2	96396.19126
700275803861159940	3	0	5	2020-04-01	2	4	52751.182916
700275803861159941	5	0	1	2020-04-01	3	5	47586.972327
700275803861159942	5	0	1	2020-04-01	2	2	51389.081849
700275803861159943	1	0	1	2020-04-01	2	4	80727.897419
700275803861159944	4	0	1	2020-04-01	2	4	10087.845477
700275803861159945	4	0	2	2020-04-01	4	2	53376.396973
700275803861159946	3	0	4	2020-04-01	2	3	37508.802626
700275803861159947	1	0	1	2020-04-01	5	5	93556.933504
700275803861159948	2	0	3	2020-04-01	1	3	7101.494666
700275803861159949	2	0	1	2020-04-01	5	4	40899.124485
700275803861159950	5	0	4	2020-04-01	1	4	1846.844156
700275803861159951	3	0	3	2020-04-02	2	1	29434.904536
700275803861159952	4	0	3	2020-04-02	5	2	2334.335685
700275803861159953	1	0	2	2020-04-02	5	2	82718.014023
700275803861159954	4	0	1	2020-04-02	5	3	94096.264446
700275803861159955	3	0	3	2020-04-02	3	5	74452.886705
700275803861159956	1	0	5	2020-04-02	2	1	77664.362564
700275803861159957	4	0	5	2020-04-02	5	5	63943.165927
700275803861159958	3	0	2	2020-04-02	1	4	46035.416918
700275803861159959	4	0	3	2020-04-02	1	3	95491.643121
700275803861159960	2	0	4	2020-04-02	4	5	4240.956595
700275803861159961	3	0	5	2020-04-02	3	3	68483.564768
700275803861159962	5	0	2	2020-04-03	4	4	41762.82303
700275803861159963	2	0	1	2020-04-03	4	1	64979.64409
700275803861159964	5	0	3	2020-04-04	2	2	98513.898471
700275803861159965	4	0	2	2020-04-04	3	1	21670.520828
700275803861159966	3	0	1	2020-04-04	3	1	64342.635368
700275803861159967	1	0	5	2020-04-04	2	5	75109.152316
700275803861159968	3	0	3	2020-04-04	1	2	96809.406247
700275803861159969	2	0	1	2020-04-05	2	2	28524.269348
700275803861159970	4	0	5	2020-04-06	5	4	42671.885919
700275803861159971	3	0	5	2020-04-06	3	2	59089.540226
700275803861159972	1	0	2	2020-04-06	2	5	75678.503097
700275803861159973	4	0	1	2020-04-06	4	3	30284.816294
700275803861159974	3	0	4	2020-04-06	2	4	79685.539201
700275803861159975	5	0	4	2020-04-06	5	3	33174.887267
700275803861159976	3	0	4	2020-04-06	5	2	23046.885217
700275803861159977	5	0	2	2020-04-06	2	5	34362.132364
700275803861159978	2	0	2	2020-04-06	2	1	83997.16546
700275803861159979	4	0	2	2020-04-06	2	2	92486.555456
700275803861159980	1	0	4	2020-04-06	4	3	79494.617694
700275803861159981	3	0	4	2020-04-07	5	2	8806.149156
700275803861159982	4	0	5	2020-04-07	1	3	67041.983268
700275803861159983	5	0	2	2020-04-07	5	1	83438.860556
700275803861159984	2	0	3	2020-04-07	5	2	14511.216354
700275803865354240	5	0	5	2020-04-07	2	1	26666.057924
700275803865354241	3	0	1	2020-04-07	1	3	22029.892941
700275803865354242	2	0	5	2020-04-07	1	4	2238.601654
700275803865354243	1	0	5	2020-04-08	4	4	91894.258779
700275803865354244	3	0	1	2020-04-08	4	1	30839.600936
700275803865354245	1	0	1	2020-04-08	3	2	75194.705927
700276291939733504	5	0	2	2020-04-01	3	2	22005.73272
700276291939733505	3	0	1	2020-04-01	3	3	15906.824625
700276291939733506	2	0	2	2020-04-01	5	4	28420.448278
700276291939733507	5	0	5	2020-04-01	3	4	26489.298575
700276291939733508	5	0	3	2020-04-01	1	1	18848.572448
700276291939733509	5	0	1	2020-04-01	3	2	65487.405524
700276291943927808	4	0	3	2020-04-01	5	2	70319.022046
700276291943927809	1	0	1	2020-04-01	5	3	68084.997272
700276291943927810	2	0	5	2020-04-01	1	4	42308.865842
700276291943927811	4	0	1	2020-04-01	2	1	38837.258304
700276291943927812	1	0	4	2020-04-01	2	3	64452.365683
700276291943927813	3	0	1	2020-04-01	5	4	96776.478683
700276291943927814	3	0	1	2020-04-01	1	4	83938.351043
700276291943927815	3	0	5	2020-04-01	2	1	50979.710598
700276291943927816	4	0	2	2020-04-01	2	5	80232.130155
700276291943927817	4	0	2	2020-04-02	1	4	17867.156329
700276291943927818	1	0	4	2020-04-02	1	2	65563.407122
700276291943927819	3	0	4	2020-04-02	4	1	32757.807871
700276291943927820	3	0	1	2020-04-02	5	1	79963.937357
700276291943927821	1	0	3	2020-04-02	2	4	94283.135366
700276291943927822	2	0	5	2020-04-02	3	3	74383.319371
700276291943927823	4	0	5	2020-04-02	3	3	50118.022105
700276291943927824	1	0	5	2020-04-02	2	4	77844.863738
700276291943927825	4	0	4	2020-04-02	5	4	95047.271204
700276291943927826	2	0	3	2020-04-02	5	3	29208.268247
700276291943927827	4	0	3	2020-04-02	3	2	39833.544219
700276291943927828	4	0	3	2020-04-02	5	4	3629.90361
700276291943927829	3	0	3	2020-04-02	1	4	37876.003716
700276291943927830	4	0	2	2020-04-03	4	4	59582.146151
700276291943927831	5	0	1	2020-04-03	2	2	44451.285544
700276291943927832	3	0	2	2020-04-03	1	4	51473.230057
700276291943927833	3	0	3	2020-04-03	3	3	48010.352095
700276291943927834	2	0	3	2020-04-03	1	3	68736.687584
700276291943927835	3	0	1	2020-04-03	5	2	97894.60101
700276291943927836	1	0	4	2020-04-03	1	3	55878.118297
700276291943927837	4	0	5	2020-04-03	2	5	93493.43447
700276291943927838	5	0	5	2020-04-03	3	4	76759.831675
700276291943927839	3	0	5	2020-04-03	3	2	86780.602553
700276291943927840	3	0	5	2020-04-03	2	1	57123.854248
700276291943927841	4	0	4	2020-04-03	3	3	37212.06749
700276291943927842	3	0	1	2020-04-03	5	1	14448.39266
700276291943927843	3	0	2	2020-04-03	1	4	20151.057174
700276291943927844	1	0	2	2020-04-03	4	3	84488.873344
700276291943927845	1	0	2	2020-04-04	4	5	61543.947011
700276291943927846	5	0	1	2020-04-04	1	4	74824.867402
700276291943927847	3	0	5	2020-04-04	1	2	15621.075064
700276291943927848	3	0	4	2020-04-04	5	3	94202.572902
700276291943927849	1	0	4	2020-04-04	4	1	65227.853357
700276291943927850	4	0	5	2020-04-04	1	3	90332.919153
700276291943927851	1	0	2	2020-04-04	4	1	45324.972204
700276291943927852	1	0	3	2020-04-04	4	4	99146.123759
700276291943927853	2	0	5	2020-04-04	2	1	55487.579099
700276291943927854	3	0	4	2020-04-04	4	4	26319.668604
700276291943927855	4	0	3	2020-04-04	5	4	42605.933465
700276291943927856	1	0	5	2020-04-05	3	2	16819.396129
700276291943927857	1	0	4	2020-04-05	3	1	3613.406778
700276291943927858	5	0	2	2020-04-05	3	3	37685.830485
700276291943927859	1	0	1	2020-04-05	1	5	53314.852239
700276291943927860	4	0	5	2020-04-05	2	1	98531.44673
700276291943927861	4	0	1	2020-04-05	4	4	17912.273996
700276291943927862	5	0	2	2020-04-05	5	4	80625.56245
700276291943927863	1	0	4	2020-04-05	4	3	67449.292153
700276291943927864	1	0	1	2020-04-05	2	1	94379.023658
700276291943927865	2	0	1	2020-04-05	5	1	46204.272227
700276291943927866	3	0	1	2020-04-05	1	1	54386.863699
700276291943927867	4	0	1	2020-04-05	4	3	39308.517218
700276291943927868	4	0	5	2020-04-05	3	3	25415.164138
700276291943927869	5	0	1	2020-04-06	4	5	88201.737533
700276291943927870	2	0	4	2020-04-06	3	3	85973.842337
700276291943927871	3	0	4	2020-04-06	4	2	76950.376136
700276291943927872	4	0	2	2020-04-06	5	3	11837.23357
700276291943927873	2	0	4	2020-04-06	3	2	45605.8024
700276291943927874	2	0	5	2020-04-06	5	5	60971.169513
700276291943927875	4	0	3	2020-04-06	2	2	25617.223379
700276291943927876	5	0	3	2020-04-06	3	2	90681.56787
700276291943927877	3	0	1	2020-04-06	5	3	50594.383934
700276291943927878	3	0	1	2020-04-06	4	5	15358.192246
700276291943927879	4	0	5	2020-04-06	4	5	2769.697274
700276291943927880	5	0	5	2020-04-06	3	3	26996.980092
700276291943927881	5	0	2	2020-04-06	5	2	55417.458435
700276291943927882	4	0	2	2020-04-06	1	4	10668.234564
700276291943927883	1	0	1	2020-04-06	3	2	43428.265842
700276291943927884	2	0	2	2020-04-06	1	5	44977.605817
700276291943927885	5	0	2	2020-04-06	3	5	2685.324453
700276291943927886	4	0	5	2020-04-06	5	4	73219.587035
700276291943927887	1	0	1	2020-04-06	3	1	52457.656287
700276291943927888	2	0	5	2020-04-06	4	5	65033.796229
700276291943927889	3	0	3	2020-04-07	1	1	22893.271813
700276291943927890	3	0	4	2020-04-07	1	1	32557.115657
700276291943927891	1	0	4	2020-04-07	2	5	74622.74284
700276291943927892	1	0	1	2020-04-07	5	2	67146.46386
700276291943927893	4	0	1	2020-04-07	4	5	58242.630764
700276291943927894	3	0	3	2020-04-07	2	2	39659.963832
700276291943927895	3	0	2	2020-04-08	3	2	68425.677109
700276948201508864	1	0	2	2020-04-01	5	4	18249.142467
700276948201508865	2	0	1	2020-04-01	3	4	17843.840318
700276948201508866	1	0	3	2020-04-01	4	3	51637.862534
700276948201508867	2	0	1	2020-04-01	4	3	43412.980088
700276948201508868	2	0	1	2020-04-01	5	2	46888.393484
700276948201508869	2	0	2	2020-04-01	1	1	24828.52214
700276948201508870	3	0	1	2020-04-01	4	5	13383.542275
700276948201508871	3	0	2	2020-04-01	2	5	72646.373668
700276948201508872	3	0	5	2020-04-01	4	3	7182.354945
700276948201508873	4	0	3	2020-04-01	2	3	81867.564305
700276948201508874	4	0	2	2020-04-01	1	3	89649.239565
700276948201508875	1	0	1	2020-04-01	2	1	46031.001527
700276948201508876	5	0	2	2020-04-01	5	4	41115.943364
700276948201508877	3	0	5	2020-04-01	1	5	24448.347635
700276948201508878	2	0	3	2020-04-01	2	1	61398.28169
700276948201508879	3	0	4	2020-04-01	3	4	19916.556109
700276948201508880	2	0	3	2020-04-01	2	2	79012.941862
700276948201508881	4	0	2	2020-04-01	1	2	17461.309543
700276948201508882	1	0	5	2020-04-02	3	5	18192.596973
700276948201508883	4	0	2	2020-04-02	3	2	17268.721609
700276948201508884	2	0	5	2020-04-02	2	1	58392.753091
700276948201508885	4	0	5	2020-04-02	2	1	60773.296642
700276948201508886	5	0	5	2020-04-02	3	1	70051.669814
700276948201508887	4	0	4	2020-04-02	5	4	80829.880332
700276948201508888	3	0	2	2020-04-02	2	1	5101.304197
700276948201508889	3	0	5	2020-04-02	4	3	38652.285086
700276948201508890	3	0	3	2020-04-02	3	1	45711.101652
700276948201508891	5	0	5	2020-04-02	1	4	73615.594856
700276948201508892	3	0	3	2020-04-02	4	4	15794.472003
700276948201508893	2	0	4	2020-04-02	4	1	58190.527191
700276948201508894	1	0	5	2020-04-02	5	4	21608.271311
700276948201508895	5	0	4	2020-04-03	2	2	81565.059462
700276948201508896	3	0	5	2020-04-03	4	2	40371.596389
700276948201508897	5	0	3	2020-04-03	5	2	95322.769109
700276948201508898	3	0	4	2020-04-03	5	4	87358.463266
700276948201508899	3	0	5	2020-04-03	3	5	25421.351124
700276948201508900	3	0	4	2020-04-03	1	1	59559.585412
700276948201508901	2	0	5	2020-04-03	1	4	27668.657424
700276948201508902	3	0	5	2020-04-03	4	2	28970.006315
700276948201508903	3	0	2	2020-04-03	4	4	97503.014128
700276948201508904	4	0	1	2020-04-03	4	1	82868.171181
700276948201508905	3	0	2	2020-04-04	2	2	95522.671982
700276948201508906	5	0	2	2020-04-04	1	2	22821.89561
700276948201508907	1	0	5	2020-04-04	4	2	64290.619099
700276948201508908	3	0	5	2020-04-04	5	5	74604.622613
700276948201508909	2	0	4	2020-04-04	3	2	22992.052209
700276948201508910	1	0	5	2020-04-04	5	5	91562.051949
700276948201508911	1	0	4	2020-04-04	4	4	10881.352338
700276948201508912	1	0	1	2020-04-04	1	1	12234.272021
700276948201508913	4	0	4	2020-04-04	5	3	37332.030603
700276948201508914	4	0	3	2020-04-04	1	3	9169.861935
700276948201508915	2	0	2	2020-04-04	4	2	30731.987427
700276948201508916	3	0	2	2020-04-04	4	2	85318.875031
700276948201508917	3	0	3	2020-04-04	2	2	24801.71031
700276948201508918	1	0	2	2020-04-04	2	3	72826.738816
700276948201508919	5	0	2	2020-04-04	2	3	51562.357114
700276948201508920	4	0	2	2020-04-04	2	1	3053.171108
700276948201508921	2	0	2	2020-04-04	3	3	11360.411399
700276948201508922	1	0	5	2020-04-04	1	5	83356.263294
700276948201508923	1	0	5	2020-04-04	2	2	16819.662156
700276948201508924	5	0	3	2020-04-05	1	2	51657.174529
700276948201508925	1	0	5	2020-04-06	1	3	55007.184971
700276948201508926	1	0	5	2020-04-06	2	1	9712.210102
700276948201508927	2	0	2	2020-04-06	5	4	52816.162538
700276948201508928	2	0	5	2020-04-06	3	3	90609.383401
700276948201508929	1	0	1	2020-04-06	4	1	66573.515756
700276948201508930	4	0	2	2020-04-06	5	1	7303.947565
700276948201508931	1	0	3	2020-04-06	3	2	17320.206834
700276948201508932	5	0	2	2020-04-06	3	3	72292.935746
700276948201508933	3	0	3	2020-04-06	1	2	39876.135212
700276948201508934	4	0	2	2020-04-06	2	2	46602.693778
700276948201508935	2	0	1	2020-04-07	1	1	11043.374674
700276948201508936	3	0	4	2020-04-07	3	4	44770.974661
700276948201508937	1	0	3	2020-04-07	3	3	78634.100336
700276948205703168	2	0	3	2020-04-07	4	5	7418.745587
700276948205703169	2	0	1	2020-04-07	1	2	79651.624265
700276948205703170	4	0	3	2020-04-07	3	1	54739.018031
700276948205703171	3	0	4	2020-04-07	3	4	23052.31283
700276948205703172	3	0	3	2020-04-07	3	4	31672.571978
700276948205703173	2	0	1	2020-04-07	4	2	47106.677401
700276948205703174	4	0	2	2020-04-07	1	5	50478.279109
700276948205703175	4	0	5	2020-04-07	1	4	69738.771945
700276948205703176	1	0	4	2020-04-07	4	1	36526.345633
700276948205703177	5	0	1	2020-04-07	3	4	89908.976374
700276948205703178	1	0	4	2020-04-07	1	5	46512.930633
700276948205703179	3	0	1	2020-04-08	5	5	26000.365575
700276948205703180	5	0	1	2020-04-08	5	2	96790.155153
700276948205703181	1	0	2	2020-04-08	2	3	47257.262834
700276948205703182	1	0	2	2020-04-08	2	5	41094.044438
700276948205703183	1	0	5	2020-04-08	5	3	91550.145104
700276948205703184	4	0	1	2020-04-08	2	3	34304.605516
700276948205703185	3	0	1	2020-04-08	3	1	96438.821262
700276948205703186	3	0	5	2020-04-08	2	2	60709.853211
700276948205703187	2	0	3	2020-04-08	3	3	24608.221872
700276948205703188	3	0	2	2020-04-08	1	4	61907.201261
700276948205703189	2	0	1	2020-04-08	2	4	7696.031017
700276948205703190	2	0	3	2020-04-08	4	1	42439.839996
700276948205703191	3	0	1	2020-04-08	4	5	5622.518906
700276948205703192	2	0	3	2020-04-08	1	4	63120.270863
700276948205703193	5	0	4	2020-04-08	3	2	72033.924808
700276948205703194	3	0	5	2020-04-08	4	1	81741.745756
700277401136009216	1	0	1	2020-04-01	4	4	98511.988122
700277401136009217	2	0	4	2020-04-01	2	1	43592.882631
700277401136009218	5	0	3	2020-04-01	1	2	19066.357208
700277401136009219	1	0	4	2020-04-01	3	1	42501.104497
700277401136009220	3	0	5	2020-04-01	2	3	3968.866953
700277401136009221	5	0	2	2020-04-01	2	4	59387.029681
700277401136009222	1	0	1	2020-04-01	3	1	80231.192859
700277401136009223	2	0	4	2020-04-02	3	5	76886.336011
700277401136009224	5	0	2	2020-04-02	4	5	14779.471183
700277401136009225	5	0	1	2020-04-02	5	3	93237.212634
700277401136009226	3	0	5	2020-04-02	4	4	75048.52928
700277401136009227	4	0	1	2020-04-02	2	4	69311.69387
700277401136009228	5	0	1	2020-04-02	1	3	97326.326951
700277401136009229	2	0	2	2020-04-02	1	1	26210.747165
700277401136009230	2	0	2	2020-04-02	1	3	12790.399679
700277401136009231	4	0	3	2020-04-02	5	1	37988.513482
700277401136009232	3	0	3	2020-04-02	2	3	83102.74729
700277401136009233	3	0	4	2020-04-02	1	4	28215.805413
700277401136009234	5	0	4	2020-04-02	1	4	65263.533031
700277401136009235	4	0	4	2020-04-02	3	1	21049.625016
700277401136009236	2	0	3	2020-04-03	5	3	80763.759834
700277401136009237	5	0	4	2020-04-03	3	5	51479.671021
700277401136009238	3	0	5	2020-04-03	1	1	25945.553688
700277401136009239	5	0	3	2020-04-03	2	4	10406.281618
700277401136009240	4	0	5	2020-04-03	5	5	74177.16759
700277401136009241	2	0	2	2020-04-03	1	4	47455.531598
700277401136009242	4	0	2	2020-04-03	4	1	49751.58901
700277401140203520	1	0	3	2020-04-03	2	1	46138.955921
700277401140203521	4	0	3	2020-04-03	5	2	73642.273721
700277401140203522	5	0	5	2020-04-03	5	2	20838.56574
700277401140203523	1	0	3	2020-04-03	2	2	43448.804621
700277401140203524	5	0	2	2020-04-03	1	4	60329.822992
700277401140203525	4	0	1	2020-04-03	1	5	55824.639221
700277401140203526	5	0	5	2020-04-03	2	2	31699.743672
700277401140203527	1	0	3	2020-04-03	3	1	20883.207189
700277401140203528	5	0	1	2020-04-03	5	1	84583.440872
700277401140203529	2	0	3	2020-04-03	2	3	89994.445606
700277401140203530	2	0	3	2020-04-04	5	2	93209.668451
700277401140203531	1	0	1	2020-04-04	1	1	82351.677871
700277401140203532	3	0	5	2020-04-04	5	4	28201.399703
700277401140203533	2	0	5	2020-04-04	1	3	1487.267776
700277401140203534	4	0	2	2020-04-04	3	4	14622.185133
700277401140203535	1	0	5	2020-04-04	3	3	40163.559401
700277401140203536	4	0	3	2020-04-04	1	4	95188.823146
700277401140203537	2	0	5	2020-04-04	2	1	48611.872498
700277401140203538	4	0	3	2020-04-04	1	3	50953.498741
700277401140203539	1	0	2	2020-04-04	5	1	71005.348263
700277401140203540	3	0	1	2020-04-05	5	5	49720.123668
700277401140203541	2	0	4	2020-04-05	3	5	4101.427171
700277401140203542	5	0	4	2020-04-06	4	1	12627.417068
700277401140203543	1	0	1	2020-04-06	3	4	15786.547275
700277401140203544	5	0	5	2020-04-07	1	3	15682.608886
700277401140203545	1	0	1	2020-04-07	4	2	45198.889729
700277401140203546	4	0	1	2020-04-07	3	2	36494.41645
700277401140203547	1	0	3	2020-04-07	5	5	73908.95992
700277401140203548	3	0	4	2020-04-07	4	2	46452.199078
700277401140203549	2	0	3	2020-04-07	2	2	16199.78597
700277401140203550	1	0	3	2020-04-07	5	5	17005.602196
700277401140203551	1	0	3	2020-04-07	1	5	80142.414157
700277401140203552	3	0	3	2020-04-07	5	2	15261.533373
700277401140203553	2	0	2	2020-04-07	5	4	82631.098392
700277401140203554	2	0	5	2020-04-07	2	3	47758.723431
700277401140203555	4	0	3	2020-04-07	4	2	5166.43367
700277401140203556	3	0	4	2020-04-07	2	5	65565.261908
700277401140203557	4	0	4	2020-04-07	5	2	97981.887275
700277401140203558	4	0	2	2020-04-07	1	5	94444.708469
700277401140203559	5	0	1	2020-04-07	3	1	76131.373038
700277401140203560	2	0	1	2020-04-07	1	3	22083.693852
700277401140203561	3	0	4	2020-04-07	4	3	94344.951252
700277401140203562	3	0	3	2020-04-07	2	1	56076.684066
700277401140203563	1	0	1	2020-04-07	5	5	45289.997094
700277401140203564	3	0	4	2020-04-08	3	2	57528.211635
700277401140203565	1	0	1	2020-04-08	2	4	66228.418696
700277401140203566	1	0	4	2020-04-08	2	3	56131.529986
700277401140203567	4	0	1	2020-04-08	1	2	78623.272047
700277401140203568	3	0	2	2020-04-08	2	2	31425.985403
\.


--
-- TOC entry 2887 (class 0 OID 16528)
-- Dependencies: 212
-- Data for Name: saleproduct; Type: TABLE DATA; Schema: public; Owner: postgres
--

COPY public.saleproduct (sale_order_id, product_id, amount, quantity) FROM stdin;
700277401136009216	5	22156.258191	1
700277401136009216	1	16068.480357	6
700277401136009217	1	35353.49612	4
700277401136009218	2	31450.152609	8
700277401136009219	2	22854.665871	4
700277401136009220	4	12164.38658	1
700277401136009221	1	81641.825582	8
700277401136009222	1	68290.680599	6
700277401136009223	5	49363.606243	0
700277401136009223	2	52497.362208	9
700277401136009224	3	91479.774545	9
700277401136009224	1	62248.136882	2
700277401136009225	1	95967.925676	7
700277401136009226	3	1901.357743	4
700277401136009226	4	35697.072923	3
700277401136009227	5	97973.944015	8
700277401136009227	3	96069.625007	1
700277401136009228	4	93811.875541	8
700277401136009229	1	88216.757811	6
700277401136009230	3	55827.645481	8
700277401136009230	1	35833.268455	1
700277401136009231	1	40926.661971	1
700277401136009231	2	41922.414237	5
700277401136009232	5	14885.968587	9
700277401136009233	5	90291.434532	1
700277401136009233	4	82233.274121	4
700277401136009234	1	17307.865924	4
700277401136009235	3	44265.261388	5
700277401136009236	4	57706.292399	5
700277401136009237	1	75381.460908	7
700277401136009237	3	12337.568722	8
700277401136009238	3	21666.923738	9
700277401136009239	1	26516.547778	2
700277401136009240	3	77740.839491	6
700277401136009241	2	31770.862077	9
700277401136009242	2	79116.793758	4
700277401140203520	5	6558.13552	3
700277401140203521	2	24099.048264	9
700277401140203521	1	8095.848904	8
700277401140203522	1	4464.872618	5
700277401140203522	2	87013.423276	0
700277401140203523	3	41203.518843	6
700277401140203523	1	37702.435818	2
700277401140203524	3	13982.870684	2
700277401140203525	1	94143.880086	5
700277401140203526	2	3331.824565	9
700277401140203526	1	39615.739801	7
700277401140203527	4	60937.340317	4
700277401140203528	1	81731.372725	0
700277401140203528	3	39781.256437	5
700277401140203529	5	47205.667824	4
700277401140203530	3	14068.18662	8
700277401140203531	3	99958.294629	6
700277401140203532	4	64559.092369	3
700277401140203532	3	66854.122373	1
700277401140203533	3	37489.450893	0
700277401140203534	4	75517.93609	6
700277401140203535	2	24573.01149	4
700277401140203535	5	95893.33884	3
700277401140203536	1	33837.771331	5
700277401140203537	3	38177.362086	2
700277401140203537	2	30239.134427	7
700277401140203538	3	47445.409272	6
700277401140203539	5	6385.975861	0
700277401140203540	4	88541.160917	2
700277401140203540	5	91988.083885	8
700277401140203541	4	48116.180428	3
700277401140203542	2	80999.896468	1
700277401140203543	4	58424.959871	4
700277401140203544	2	57349.698033	7
700277401140203545	3	25411.852481	4
700277401140203546	5	62087.350179	2
700277401140203546	1	89569.672839	7
700277401140203547	2	23885.359063	1
700277401140203547	3	32605.561061	3
700277401140203548	3	46058.081005	7
700277401140203549	2	67380.136951	1
700277401140203550	5	22407.955499	8
700277401140203551	1	84796.097336	2
700277401140203551	4	63022.253061	1
700277401140203552	5	53372.029736	9
700277401140203553	1	88399.94968	7
700277401140203553	2	72271.573053	9
700277401140203554	5	53109.53495	9
700277401140203554	4	47202.211326	8
700277401140203555	1	57132.279549	0
700277401140203556	3	96816.99429	8
700277401140203557	4	91779.112868	9
700277401140203557	3	83153.541521	5
700277401140203558	2	11871.410889	6
700277401140203558	3	8764.402822	8
700277401140203559	5	38502.926893	2
700277401140203560	5	80421.283284	0
700277401140203561	4	2930.796438	6
700277401140203561	2	99477.959089	0
700277401140203562	4	48308.780964	2
700277401140203562	5	82845.679261	0
700277401140203563	4	62439.508524	1
700277401140203564	2	37670.703774	8
700277401140203564	3	47036.399022	7
700277401140203565	2	19386.534482	8
700277401140203566	5	3972.456976	9
700277401140203566	2	98575.730154	2
700277401140203567	1	14510.466218	2
700277401140203568	2	88524.543614	5
\.


--
-- TOC entry 2730 (class 2606 OID 16450)
-- Name: branch branch_pkey; Type: CONSTRAINT; Schema: public; Owner: postgres
--

ALTER TABLE ONLY public.branch
    ADD CONSTRAINT branch_pkey PRIMARY KEY (branch_id);


--
-- TOC entry 2732 (class 2606 OID 16458)
-- Name: customer customer_pkey; Type: CONSTRAINT; Schema: public; Owner: postgres
--

ALTER TABLE ONLY public.customer
    ADD CONSTRAINT customer_pkey PRIMARY KEY (customer_id);


--
-- TOC entry 2734 (class 2606 OID 16535)
-- Name: dimdate dim_date_pkey; Type: CONSTRAINT; Schema: public; Owner: postgres
--

ALTER TABLE ONLY public.dimdate
    ADD CONSTRAINT dim_date_pkey PRIMARY KEY (date);


--
-- TOC entry 2736 (class 2606 OID 16474)
-- Name: employee employee_pkey; Type: CONSTRAINT; Schema: public; Owner: postgres
--

ALTER TABLE ONLY public.employee
    ADD CONSTRAINT employee_pkey PRIMARY KEY (employee_id);


--
-- TOC entry 2744 (class 2606 OID 16517)
-- Name: invoice invoice_pkey; Type: CONSTRAINT; Schema: public; Owner: postgres
--

ALTER TABLE ONLY public.invoice
    ADD CONSTRAINT invoice_pkey PRIMARY KEY (invoice_id);


--
-- TOC entry 2746 (class 2606 OID 24726)
-- Name: invoiceproduct invoiceproduct_pkey; Type: CONSTRAINT; Schema: public; Owner: postgres
--

ALTER TABLE ONLY public.invoiceproduct
    ADD CONSTRAINT invoiceproduct_pkey PRIMARY KEY (product_id, invoice_id);


--
-- TOC entry 2738 (class 2606 OID 16479)
-- Name: location location_pkey; Type: CONSTRAINT; Schema: public; Owner: postgres
--

ALTER TABLE ONLY public.location
    ADD CONSTRAINT location_pkey PRIMARY KEY (location_id);


--
-- TOC entry 2740 (class 2606 OID 16487)
-- Name: product product_pkey; Type: CONSTRAINT; Schema: public; Owner: postgres
--

ALTER TABLE ONLY public.product
    ADD CONSTRAINT product_pkey PRIMARY KEY (product_id);


--
-- TOC entry 2742 (class 2606 OID 16492)
-- Name: salechannel sale_channel_pkey; Type: CONSTRAINT; Schema: public; Owner: postgres
--

ALTER TABLE ONLY public.salechannel
    ADD CONSTRAINT sale_channel_pkey PRIMARY KEY (channel_id);


--
-- TOC entry 2748 (class 2606 OID 16527)
-- Name: saleorder sale_order_pkey; Type: CONSTRAINT; Schema: public; Owner: postgres
--

ALTER TABLE ONLY public.saleorder
    ADD CONSTRAINT sale_order_pkey PRIMARY KEY (sale_order_id);


--
-- TOC entry 2750 (class 2606 OID 24728)
-- Name: saleproduct saleproduct_pkey; Type: CONSTRAINT; Schema: public; Owner: postgres
--

ALTER TABLE ONLY public.saleproduct
    ADD CONSTRAINT saleproduct_pkey PRIMARY KEY (sale_order_id, product_id);


-- Completed on 2020-06-16 20:59:28

--
-- PostgreSQL database dump complete
--

